analysis,lag_or_season,pair,r,p,n_eff,r_seasonal_means
lagged,0,IOD-chl_log_anom,0.133,0.0677,188.5,
lagged,0,ENSO-chl_log_anom,0.139,0.0635,178.5,
lagged,0,IOD-sss_PSU_anom,-0.195,0.0887,77.1,
lagged,1,IOD-chl_log_anom,0.139,0.0567,187.9,
lagged,1,ENSO-chl_log_anom,0.155,0.0391,177.8,
lagged,1,IOD-sss_PSU_anom,-0.228,0.0465,76.7,
lagged,2,IOD-chl_log_anom,0.166,0.0227,187.1,
lagged,2,ENSO-chl_log_anom,0.194,0.0097,177.1,
lagged,2,IOD-sss_PSU_anom,-0.259,0.0234,76.4,
lagged,3,IOD-chl_log_anom,0.151,0.0398,186.8,
lagged,3,ENSO-chl_log_anom,0.204,0.0066,176.1,
lagged,3,IOD-sss_PSU_anom,-0.235,0.0401,76.4,
lagged,4,IOD-chl_log_anom,0.174,0.018,185.3,
lagged,4,ENSO-chl_log_anom,0.192,0.0111,175.0,
lagged,4,IOD-sss_PSU_anom,-0.227,0.0479,76.4,
lagged,5,IOD-chl_log_anom,0.099,0.1802,184.3,
lagged,5,ENSO-chl_log_anom,0.157,0.0385,174.3,
lagged,5,IOD-sss_PSU_anom,-0.137,0.2372,75.7,
lagged,6,IOD-chl_log_anom,0.097,0.19,184.5,
lagged,6,ENSO-chl_log_anom,0.105,0.1674,174.3,
lagged,6,IOD-sss_PSU_anom,-0.069,0.5532,75.6,
lagged,7,IOD-chl_log_anom,0.159,0.0309,183.3,
lagged,7,ENSO-chl_log_anom,0.093,0.2254,173.1,
lagged,7,IOD-sss_PSU_anom,-0.053,0.6523,74.5,
seasonal,pre_monsoon,IOD-chl_log_anom,0.225,0.1982,21.0,0.292
seasonal,pre_monsoon,ENSO-chl_log_anom,0.219,0.3829,21.0,0.201
seasonal,pre_monsoon,IOD-sss_PSU_anom,0.083,0.4172,21.0,0.187
seasonal,pre_monsoon,ENSO-sss_PSU_anom,0.317,0.0515,21.0,0.43
seasonal,sw_monsoon,IOD-chl_log_anom,0.008,0.8708,21.0,0.038
seasonal,sw_monsoon,ENSO-chl_log_anom,0.136,0.2023,21.0,0.29
seasonal,sw_monsoon,IOD-sss_PSU_anom,-0.016,0.9846,21.0,-0.004
seasonal,sw_monsoon,ENSO-sss_PSU_anom,0.036,0.8754,21.0,0.036
seasonal,post_monsoon,IOD-chl_log_anom,0.341,0.1646,21.0,0.315
seasonal,post_monsoon,ENSO-chl_log_anom,0.188,0.4105,21.0,0.19
seasonal,post_monsoon,IOD-sss_PSU_anom,-0.488,0.0191,21.0,-0.507
seasonal,post_monsoon,ENSO-sss_PSU_anom,-0.146,0.526,21.0,-0.147
seasonal,winter,IOD-chl_log_anom,0.356,0.0649,21.0,0.41
seasonal,winter,ENSO-chl_log_anom,0.148,0.7988,21.0,0.059
seasonal,winter,IOD-sss_PSU_anom,-0.197,0.2885,21.0,-0.243
seasonal,winter,ENSO-sss_PSU_anom,-0.093,0.9933,21.0,-0.002
