Variable,Unit,Season,Sen_slope_decade,p_value,Significance,Trend,n_years
SST,°C/decade,pre_monsoon,0.3175,0.0103,*,increasing,21
SST,°C/decade,sw_monsoon,0.4867,0.0001,***,increasing,21
SST,°C/decade,post_monsoon,0.2805,0.0171,*,increasing,21
SST,°C/decade,winter,-0.0173,0.88,ns,no trend,21
SSS,PSU/decade,pre_monsoon,-0.0968,0.319,ns,no trend,21
SSS,PSU/decade,sw_monsoon,-0.3525,0.139,ns,no trend,21
SSS,PSU/decade,post_monsoon,-0.4478,0.2157,ns,no trend,21
SSS,PSU/decade,winter,-0.7805,0.0008,***,decreasing,21
Chl-a,mg m-3/decade,pre_monsoon,0.0092,0.7398,ns,no trend,21
Chl-a,mg m-3/decade,sw_monsoon,-0.0002,1.0,ns,no trend,21
Chl-a,mg m-3/decade,post_monsoon,0.0801,0.032,*,increasing,21
Chl-a,mg m-3/decade,winter,0.0641,0.0655,ns,no trend,21
