date,year,month,season,chl_modis,chl_globcolour
2005-01,2005,1,winter,0.5893845690347409,0.5677618
2005-02,2005,2,winter,0.548296470716253,0.560786
2005-03,2005,3,pre_monsoon,0.4446181965170666,0.4977186
2005-04,2005,4,pre_monsoon,0.2649791940033819,0.4536073
2005-05,2005,5,pre_monsoon,0.3643927200379093,0.5380016
2005-06,2005,6,sw_monsoon,,1.5329632
2005-07,2005,7,sw_monsoon,0.559050580970377,0.63250375
2005-08,2005,8,sw_monsoon,0.99816606386887,1.0550506
2005-09,2005,9,sw_monsoon,0.6705544558776905,0.9018815
2005-10,2005,10,post_monsoon,0.5612097889545575,0.5407812
2005-11,2005,11,post_monsoon,0.5177456929879141,0.5021443
2005-12,2005,12,winter,0.5739265971095954,0.56052804
2006-01,2006,1,winter,0.4982011416126339,0.53008586
2006-02,2006,2,winter,0.4847122709989564,0.51013297
2006-03,2006,3,pre_monsoon,0.3605457610225772,0.4399316
2006-04,2006,4,pre_monsoon,0.3995624922349114,0.50624377
2006-05,2006,5,pre_monsoon,0.3627698651182161,0.40134788
2006-06,2006,6,sw_monsoon,0.2938482294826536,0.4270001
2006-07,2006,7,sw_monsoon,0.3435870264339659,0.5108985
2006-08,2006,8,sw_monsoon,1.179643052293177,0.5923188
2006-09,2006,9,sw_monsoon,0.4485172149705562,0.5415698
2006-10,2006,10,post_monsoon,0.4164610077743154,0.43552107
2006-11,2006,11,post_monsoon,0.4738499100530186,0.4946897
2006-12,2006,12,winter,0.4489691476247476,0.53401035
2007-01,2007,1,winter,0.7493692237847835,0.6937216
2007-02,2007,2,winter,0.5863728101700599,0.5805347
2007-03,2007,3,pre_monsoon,0.5734507239001686,0.5929377
2007-04,2007,4,pre_monsoon,0.4591664648016673,0.58451295
2007-05,2007,5,pre_monsoon,0.3704831835557478,0.43348435
2007-06,2007,6,sw_monsoon,0.3665762511807844,0.42688552
2007-07,2007,7,sw_monsoon,0.6971019300465737,0.6398937
2007-08,2007,8,sw_monsoon,0.4101758323782788,0.4651416
2007-09,2007,9,sw_monsoon,0.7946207801259874,0.94598585
2007-10,2007,10,post_monsoon,0.4959528263384544,0.50522804
2007-11,2007,11,post_monsoon,0.5567236754281415,0.5115208
2007-12,2007,12,winter,0.6290338999269778,0.5595509
2008-01,2008,1,winter,0.6070742030878142,0.5662204
2008-02,2008,2,winter,0.5153813827654178,0.5053784
2008-03,2008,3,pre_monsoon,0.4131223001357034,0.38906708
2008-04,2008,4,pre_monsoon,0.3458701285307866,0.4515848
2008-05,2008,5,pre_monsoon,0.3494640399966188,0.6094206
2008-06,2008,6,sw_monsoon,0.25628145478076,0.27994555
2008-07,2008,7,sw_monsoon,0.7443392793043266,0.70578355
2008-08,2008,8,sw_monsoon,0.5508446062885163,0.576115
2008-09,2008,9,sw_monsoon,0.8289155162353521,0.81154376
2008-10,2008,10,post_monsoon,0.4479785769124856,0.45032597
2008-11,2008,11,post_monsoon,0.4332951169858214,0.41126025
2008-12,2008,12,winter,0.4206949874738869,0.42115703
2009-01,2009,1,winter,0.3973992685575436,0.4179616
2009-02,2009,2,winter,0.5250161238236839,0.5171263
2009-03,2009,3,pre_monsoon,0.310636223380788,0.50353855
2009-04,2009,4,pre_monsoon,0.3247856027787701,0.38323504
2009-05,2009,5,pre_monsoon,0.3618072424149958,0.4192703
2009-06,2009,6,sw_monsoon,0.1402609050273895,0.70813847
2009-07,2009,7,sw_monsoon,0.7433472824354286,0.49434248
2009-08,2009,8,sw_monsoon,1.3497874463148474,0.6213478
2009-09,2009,9,sw_monsoon,0.8033452965742941,0.4900815
2009-10,2009,10,post_monsoon,0.5792180824153853,0.6006021
2009-11,2009,11,post_monsoon,0.552119035218684,0.53995883
2009-12,2009,12,winter,0.447422574780666,0.46855825
2010-01,2010,1,winter,0.5504908892269765,0.51727706
2010-02,2010,2,winter,0.4252850443240813,0.578795
2010-03,2010,3,pre_monsoon,1.087673781806082,0.5880237
2010-04,2010,4,pre_monsoon,0.6666487993782493,0.83889085
2010-05,2010,5,pre_monsoon,0.665444268099497,0.7537392
2010-06,2010,6,sw_monsoon,0.1497422139956517,0.39626428
2010-07,2010,7,sw_monsoon,0.4100344140090736,0.4193991
2010-08,2010,8,sw_monsoon,0.3668215986968236,0.42482942
2010-09,2010,9,sw_monsoon,0.5201703615429004,0.46323195
2010-10,2010,10,post_monsoon,0.4377594614130201,0.5015234
2010-11,2010,11,post_monsoon,0.4870074170078872,0.5065357
2010-12,2010,12,winter,0.5541224028361525,0.57271314
2011-01,2011,1,winter,0.4623840283727148,0.513646
2011-02,2011,2,winter,0.4932494084463749,0.49675015
2011-03,2011,3,pre_monsoon,0.4566826774151293,0.5094847
2011-04,2011,4,pre_monsoon,0.3425265114103822,0.4726973
2011-05,2011,5,pre_monsoon,0.2491574515034492,0.43852085
2011-06,2011,6,sw_monsoon,0.3150630279572467,0.2815028
2011-07,2011,7,sw_monsoon,0.3197358126960169,0.4674121
2011-08,2011,8,sw_monsoon,0.5658754658427768,0.86090446
2011-09,2011,9,sw_monsoon,0.6790498961943622,0.81638443
2011-10,2011,10,post_monsoon,0.4816678695335932,0.55341023
2011-11,2011,11,post_monsoon,0.5438500285714959,0.52419114
2011-12,2011,12,winter,0.5417655297108036,0.5237907
2012-01,2012,1,winter,0.3501992748801856,0.46004644
2012-02,2012,2,winter,0.5254710820735543,0.51486707
2012-03,2012,3,pre_monsoon,0.3692987359517926,0.4666279
2012-04,2012,4,pre_monsoon,0.390873585545462,0.37233052
2012-05,2012,5,pre_monsoon,0.3656145772774276,0.2785813
2012-06,2012,6,sw_monsoon,0.3851999275610313,0.2171099
2012-07,2012,7,sw_monsoon,0.612474562159806,0.61316127
2012-08,2012,8,sw_monsoon,0.6309999494865343,0.512579
2012-09,2012,9,sw_monsoon,0.4102026568708083,0.38884893
2012-10,2012,10,post_monsoon,0.7054166302961892,0.6248897
2012-11,2012,11,post_monsoon,0.6524385020966657,0.60929525
2012-12,2012,12,winter,0.6523534358492159,0.5912723
2013-01,2013,1,winter,0.6035604100917537,0.56688786
2013-02,2013,2,winter,0.5519548706289625,0.5493106
2013-03,2013,3,pre_monsoon,0.4184870003625587,0.45071498
2013-04,2013,4,pre_monsoon,0.2745537827815394,0.3542304
2013-05,2013,5,pre_monsoon,0.2261265654230443,0.1996104
2013-06,2013,6,sw_monsoon,0.5877104912884561,0.41321838
2013-07,2013,7,sw_monsoon,0.7333828562339513,0.39866644
2013-08,2013,8,sw_monsoon,0.3532529936731308,0.3984059
2013-09,2013,9,sw_monsoon,0.5043858771072176,0.4500329
2013-10,2013,10,post_monsoon,0.5619063466067039,0.47744384
2013-11,2013,11,post_monsoon,0.6452564015250226,0.59825706
2013-12,2013,12,winter,0.6325948412052387,0.58053344
2014-01,2014,1,winter,0.6614140895099556,0.5890633
2014-02,2014,2,winter,0.5219920828653866,0.49518028
2014-03,2014,3,pre_monsoon,0.4470709789972303,0.45987958
2014-04,2014,4,pre_monsoon,0.2342906721578899,0.39218163
2014-05,2014,5,pre_monsoon,0.2983159669180161,0.31824133
2014-06,2014,6,sw_monsoon,0.2908994046597331,0.29807326
2014-07,2014,7,sw_monsoon,0.541590217132409,0.4059946
2014-08,2014,8,sw_monsoon,0.7522576869844236,0.43040687
2014-09,2014,9,sw_monsoon,0.4654173494606123,0.43321022
2014-10,2014,10,post_monsoon,0.5977868771633383,0.56254065
2014-11,2014,11,post_monsoon,0.4780164447724651,0.47598058
2014-12,2014,12,winter,0.5328215147556286,0.4868405
2015-01,2015,1,winter,0.4553926023074102,0.4478343
2015-02,2015,2,winter,0.4313436125592867,0.43195143
2015-03,2015,3,pre_monsoon,0.4449454871877945,0.4629799
2015-04,2015,4,pre_monsoon,0.4127148635887904,0.36402848
2015-05,2015,5,pre_monsoon,0.2672318925245164,0.2886206
2015-06,2015,6,sw_monsoon,0.3199142960492372,0.23192914
2015-07,2015,7,sw_monsoon,3.401316664173617,0.3974207
2015-08,2015,8,sw_monsoon,0.5996110949833069,0.58266854
2015-09,2015,9,sw_monsoon,0.5202181373006971,0.4942215
2015-10,2015,10,post_monsoon,0.3856681583155421,0.39886138
2015-11,2015,11,post_monsoon,0.4620208961821651,0.45724174
2015-12,2015,12,winter,0.408925799173388,0.4038707
2016-01,2016,1,winter,0.6085825088717224,0.5789163
2016-02,2016,2,winter,0.3568137886176999,0.42399973
2016-03,2016,3,pre_monsoon,0.4308880484131069,0.50153303
2016-04,2016,4,pre_monsoon,0.3773407332817793,0.3955128
2016-05,2016,5,pre_monsoon,0.3007468023878162,0.48750997
2016-06,2016,6,sw_monsoon,0.3292740426821741,0.4126664
2016-07,2016,7,sw_monsoon,0.4900544576646308,0.52448934
2016-08,2016,8,sw_monsoon,0.3575601996314687,0.5133555
2016-09,2016,9,sw_monsoon,0.4081740180918735,0.55464226
2016-10,2016,10,post_monsoon,0.4308700787787064,0.42301735
2016-11,2016,11,post_monsoon,0.4239145173887899,0.4412235
2016-12,2016,12,winter,0.4682594099957011,0.45589465
2017-01,2017,1,winter,0.666519200941948,0.54927534
2017-02,2017,2,winter,0.5815031607909059,0.4640082
2017-03,2017,3,pre_monsoon,0.3034674716722311,0.4465556
2017-04,2017,4,pre_monsoon,0.5204180462510214,0.4695644
2017-05,2017,5,pre_monsoon,0.4522167977512603,0.44549477
2017-06,2017,6,sw_monsoon,0.2481897489441001,0.47972786
2017-07,2017,7,sw_monsoon,0.7542559736717179,0.78843206
2017-08,2017,8,sw_monsoon,0.4258506623542075,0.5636848
2017-09,2017,9,sw_monsoon,0.5549631726982182,0.55988944
2017-10,2017,10,post_monsoon,0.4595329421380545,0.47356835
2017-11,2017,11,post_monsoon,0.4552245878505738,0.49508148
2017-12,2017,12,winter,0.6109164008824705,0.5194587
2018-01,2018,1,winter,0.4343039592396403,0.46998006
2018-02,2018,2,winter,0.4714751885348707,0.48918226
2018-03,2018,3,pre_monsoon,0.3568644612692331,0.45764554
2018-04,2018,4,pre_monsoon,0.2044633905370246,0.43118933
2018-05,2018,5,pre_monsoon,0.1759890984710971,0.45022207
2018-06,2018,6,sw_monsoon,0.3444386069331764,0.36607626
2018-07,2018,7,sw_monsoon,0.4705567310200053,0.479772
2018-08,2018,8,sw_monsoon,0.217214062669093,0.38838318
2018-09,2018,9,sw_monsoon,0.3448981470547889,0.5444223
2018-10,2018,10,post_monsoon,0.6463817905489428,0.56735736
2018-11,2018,11,post_monsoon,0.4965258100374945,0.51689065
2018-12,2018,12,winter,0.5523848854371278,0.49849236
2019-01,2019,1,winter,0.6384746443440579,0.5256874
2019-02,2019,2,winter,0.6219993477812273,0.5114153
2019-03,2019,3,pre_monsoon,0.3819584495643019,0.47139493
2019-04,2019,4,pre_monsoon,0.3262908693037792,0.46286556
2019-05,2019,5,pre_monsoon,0.2100306113846605,0.4930963
2019-06,2019,6,sw_monsoon,0.3171574503522569,0.41956982
2019-07,2019,7,sw_monsoon,0.3917112373971678,0.6198692
2019-08,2019,8,sw_monsoon,0.6381353745023828,0.59262246
2019-09,2019,9,sw_monsoon,0.6045590257206737,0.7717181
2019-10,2019,10,post_monsoon,0.9393157055699232,0.97872406
2019-11,2019,11,post_monsoon,0.6998344111621471,0.61677706
2019-12,2019,12,winter,0.8104129244004579,0.6536813
2020-01,2020,1,winter,1.0507946137121964,0.75061494
2020-02,2020,2,winter,0.7666873496566893,0.6504438
2020-03,2020,3,pre_monsoon,0.5905838257369608,0.58059746
2020-04,2020,4,pre_monsoon,0.4752687905869082,0.54574686
2020-05,2020,5,pre_monsoon,0.5441573582403622,0.57892585
2020-06,2020,6,sw_monsoon,0.4261602124778708,0.5328706
2020-07,2020,7,sw_monsoon,1.3594948447412634,0.92164505
2020-08,2020,8,sw_monsoon,0.8689566282658635,1.0990256
2020-09,2020,9,sw_monsoon,0.6389374191118842,1.0698782
2020-10,2020,10,post_monsoon,0.5509493274948314,0.53579956
2020-11,2020,11,post_monsoon,0.5207696693377332,0.5016563
2020-12,2020,12,winter,0.5925647072824636,0.56312066
2021-01,2021,1,winter,0.5480678452905994,0.46951643
2021-02,2021,2,winter,0.4861512706265083,0.47748205
2021-03,2021,3,pre_monsoon,0.1919909426043557,0.43088582
2021-04,2021,4,pre_monsoon,0.2371805769225081,0.45012113
2021-05,2021,5,pre_monsoon,0.3487332839025,0.40009508
2021-06,2021,6,sw_monsoon,0.1884784149175786,0.4268582
2021-07,2021,7,sw_monsoon,,0.518314
2021-08,2021,8,sw_monsoon,0.8801920547865402,1.0984709
2021-09,2021,9,sw_monsoon,0.397391614343472,0.52917683
2021-10,2021,10,post_monsoon,0.6361706814741831,0.6552557
2021-11,2021,11,post_monsoon,,0.48978305
2021-12,2021,12,winter,0.5825852184818769,0.5410313
2022-01,2022,1,winter,0.5146223772301479,0.49971163
2022-02,2022,2,winter,0.5756081733293245,0.5236017
2022-03,2022,3,pre_monsoon,0.6271324013307255,0.513882
2022-04,2022,4,pre_monsoon,,0.45259327
2022-05,2022,5,pre_monsoon,0.5055140888512643,0.42352474
2022-06,2022,6,sw_monsoon,1.182954363692708,0.68641126
2022-07,2022,7,sw_monsoon,0.4482910179391374,0.56449497
2022-08,2022,8,sw_monsoon,0.4480418007942094,0.59045696
2022-09,2022,9,sw_monsoon,0.4850126278841652,0.4929342
2022-10,2022,10,post_monsoon,0.4453116942629677,0.42742273
2022-11,2022,11,post_monsoon,0.7564786528912677,0.5868553
2022-12,2022,12,winter,0.707826695799703,0.4796174
2023-01,2023,1,winter,0.5388835478574147,0.43647927
2023-02,2023,2,winter,0.610128405075901,0.47177783
2023-03,2023,3,pre_monsoon,0.511157234510142,0.435791
2023-04,2023,4,pre_monsoon,0.4643694906310692,0.43944454
2023-05,2023,5,pre_monsoon,0.3026544446461696,0.4896467
2023-06,2023,6,sw_monsoon,0.3759506416551556,0.40310517
2023-07,2023,7,sw_monsoon,0.3100705102725342,0.4147744
2023-08,2023,8,sw_monsoon,1.0229999083566277,0.6420837
2023-09,2023,9,sw_monsoon,0.5937315423973574,0.5151304
2023-10,2023,10,post_monsoon,0.7293609871126018,0.5905912
2023-11,2023,11,post_monsoon,0.8725590649418881,0.66448057
2023-12,2023,12,winter,1.0027710200037,0.6552711
2024-01,2024,1,winter,0.8005383874770101,0.55283123
2024-02,2024,2,winter,0.5575704446900736,0.48136368
2024-03,2024,3,pre_monsoon,0.5059757961663087,0.47159165
2024-04,2024,4,pre_monsoon,0.8321163665434385,0.516123
2024-05,2024,5,pre_monsoon,0.4291309964558273,0.44669536
2024-06,2024,6,sw_monsoon,0.9392311349173704,0.39294496
2024-07,2024,7,sw_monsoon,0.4182703169160622,0.56038487
2024-08,2024,8,sw_monsoon,1.241139862530565,1.0394559
2024-09,2024,9,sw_monsoon,0.6002511134605816,0.59940696
2024-10,2024,10,post_monsoon,0.5338025467381785,0.47875786
2024-11,2024,11,post_monsoon,0.6198320452444858,0.52500534
2024-12,2024,12,winter,0.6655593344819365,0.5140538
2025-01,2025,1,winter,0.5678257798630808,0.4478091
2025-02,2025,2,winter,0.5371053411249535,0.4207964
2025-03,2025,3,pre_monsoon,0.3839183059658638,0.4195045
2025-04,2025,4,pre_monsoon,0.2972910072436717,0.38519758
2025-05,2025,5,pre_monsoon,0.4207570559708061,0.3638527
2025-06,2025,6,sw_monsoon,0.6412956158347554,0.41069317
2025-07,2025,7,sw_monsoon,0.4842911812343423,0.6746091
2025-08,2025,8,sw_monsoon,0.558080171409017,0.5887416
2025-09,2025,9,sw_monsoon,0.5483883555379074,0.4684563
2025-10,2025,10,post_monsoon,0.5744737040095115,0.45528936
2025-11,2025,11,post_monsoon,0.7430579064576855,0.5340463
2025-12,2025,12,winter,,0.56092477
