date,year,month,season,sst_C,chl_logmean,chl_median,chl_validpix,chl_validpct
2005-01,2005,1,winter,24.27655240370305,-0.22960123881318975,0.2630020614228424,5208,92.01413427561837
2005-02,2005,2,winter,25.161429611157,-0.2609845495813912,0.18142567890549413,5055,89.31095406360424
2005-03,2005,3,pre_monsoon,27.414099101793912,-0.35201276726627434,0.16321352847466736,4878,86.18374558303887
2005-04,2005,4,pre_monsoon,28.42621411627708,-0.5767882252490795,0.2214929661131789,3937,69.5583038869258
2005-05,2005,5,pre_monsoon,29.602230496434174,-0.4384303080957092,0.18845204339135838,3371,59.55830388692579
2005-06,2005,6,sw_monsoon,29.505104646482067,-999,-999,0,0.0
2005-07,2005,7,sw_monsoon,28.755534318540363,-0.2525488968675245,0.2719377420130714,2306,40.74204946996466
2005-08,2005,8,sw_monsoon,28.568318854815065,-7.971995721039522E-4,1.422628538949149,306,5.406360424028269
2005-09,2005,9,sw_monsoon,29.060038622444583,-0.17356594722795893,0.5492696821806434,3407,60.19434628975265
2005-10,2005,10,post_monsoon,29.297605757645744,-0.2508747623552405,0.16415028059220618,4867,85.98939929328621
2005-11,2005,11,post_monsoon,28.041951127116935,-0.28588350521937234,0.17340856357447998,5109,90.26501766784453
2005-12,2005,12,winter,26.14832711202254,-0.24114364855801138,0.4085183063383967,5237,92.52650176678445
2006-01,2006,1,winter,24.964108381587355,-0.30259528162588867,0.2315522275148237,5002,88.37455830388693
2006-02,2006,2,winter,25.636092200034515,-0.3145159855182637,0.1835081073741816,5085,89.84098939929329
2006-03,2006,3,pre_monsoon,27.704694907661192,-0.44303960612254356,0.15793954269084393,4835,85.42402826855124
2006-04,2006,4,pre_monsoon,28.61085053480549,-0.3984152866621295,0.26457358160143374,4002,70.70671378091873
2006-05,2006,5,pre_monsoon,30.25269873644557,-0.44036879646429844,0.1528541727980378,4526,79.96466431095406
2006-06,2006,6,sw_monsoon,29.2114603568245,-0.5318769216867958,0.15698447941131202,1191,21.042402826855124
2006-07,2006,7,sw_monsoon,28.751085784525156,-0.46396324313681425,0.2168426748978976,2086,36.85512367491166
2006-08,2006,8,sw_monsoon,27.807315461499297,0.07175061419526224,1.7747724652290344,603,10.653710247349824
2006-09,2006,9,sw_monsoon,28.7247509416602,-0.3482208832258244,0.21083844939484034,4209,74.36395759717314
2006-10,2006,10,post_monsoon,29.575988005832226,-0.3804256542840286,0.20966776861439487,4921,86.9434628975265
2006-11,2006,11,post_monsoon,28.503889394462178,-0.32435919747766595,0.21113557209633624,5167,91.28975265017668
2006-12,2006,12,winter,25.689252141865367,-0.3477835019291794,0.2804272317708205,4895,86.48409893992934
2007-01,2007,1,winter,23.94366679837388,-0.12530414713080487,0.30029496306997217,4785,84.54063604240282
2007-02,2007,2,winter,24.83921295640225,-0.23182617592981639,0.28204100217446326,5016,88.62190812720848
2007-03,2007,3,pre_monsoon,26.26162412384559,-0.24150389468978584,0.19112585572383872,4930,87.10247349823321
2007-04,2007,4,pre_monsoon,28.289709573305736,-0.3380298381262381,0.30630542851599796,4283,75.67137809187278
2007-05,2007,5,pre_monsoon,29.577509418920766,-0.4312315001129706,0.216588811780466,4235,74.82332155477032
2007-06,2007,6,sw_monsoon,29.712762205641337,-0.43583567443989035,0.14728082587551988,2806,49.57597173144877
2007-07,2007,7,sw_monsoon,28.87911138673785,-0.15670371484286977,0.3003452952102649,1532,27.06713780918728
2007-08,2007,8,sw_monsoon,28.747084899675286,-0.387029931910015,0.216819535735144,3471,61.32508833922261
2007-09,2007,9,sw_monsoon,28.59928132637511,-0.09984008189826711,0.5937562405116974,2761,48.78091872791519
2007-10,2007,10,post_monsoon,28.730086551116774,-0.30455963043563994,0.21127923765649292,4890,86.39575971731449
2007-11,2007,11,post_monsoon,28.114122264872496,-0.2543603093394327,0.2771711206579058,5083,89.80565371024734
2007-12,2007,12,winter,25.44502465336427,-0.20132594890369454,0.2841002005399644,5199,91.85512367491167
2008-01,2008,1,winter,24.307159019764434,-0.21675822157384408,0.2883548819261423,5206,91.97879858657244
2008-02,2008,2,winter,24.292726667697824,-0.2878712736164688,0.27424498940556613,5034,88.9399293286219
2008-03,2008,3,pre_monsoon,26.71722984253567,-0.38392136139115557,0.2746159318951329,3997,70.61837455830388
2008-04,2008,4,pre_monsoon,29.06198036890079,-0.4610869447056275,0.22138496360868287,4481,79.1696113074205
2008-05,2008,5,pre_monsoon,29.826277140265418,-0.4565975067123486,0.1300200173970761,242,4.275618374558303
2008-06,2008,6,sw_monsoon,29.50551804968516,-0.5912828194021092,0.16340368667631658,940,16.607773851590103
2008-07,2008,7,sw_monsoon,28.942422937367645,-0.12822906237987095,0.576964038113753,1237,21.85512367491166
2008-08,2008,8,sw_monsoon,28.766652429302447,-0.2589708986972924,0.2786738846783171,1872,33.07420494699647
2008-09,2008,9,sw_monsoon,29.262829537939552,-0.08148973085203493,0.4672016483661266,3033,53.58657243816255
2008-10,2008,10,post_monsoon,29.681604597323762,-0.3487427541963962,0.212029506007654,4901,86.59010600706713
2008-11,2008,11,post_monsoon,28.113875628971506,-0.36321620521455705,0.21072639285945324,5165,91.25441696113074
2008-12,2008,12,winter,26.586410173825676,-0.37603266251449896,0.21058428733995382,5033,88.92226148409894
2009-01,2009,1,winter,24.909119623076247,-0.4007729365762665,0.18537709134313923,4794,84.69964664310953
2009-02,2009,2,winter,25.478184372342927,-0.2798273587271385,0.1867674449397161,5087,89.87632508833923
2009-03,2009,3,pre_monsoon,27.022495575750675,-0.5077479024480192,0.16956145475403178,689,12.173144876325088
2009-04,2009,4,pre_monsoon,28.538640084533796,-0.4884032305771597,0.1698080980422785,4269,75.42402826855124
2009-05,2009,5,pre_monsoon,29.433350019338697,-0.44152274397319946,0.15305970685245526,4183,73.90459363957598
2009-06,2009,6,sw_monsoon,29.435609901089745,-0.8530633631619391,0.14026090502738953,4,0.0706713780918728
2009-07,2009,7,sw_monsoon,29.571911456579745,-0.12880824194787802,0.4195543422979096,850,15.01766784452297
2009-08,2009,8,sw_monsoon,29.16424492811293,0.13026538467250434,1.5689810395240784,842,14.876325088339224
2009-09,2009,9,sw_monsoon,29.05691955634146,-0.0950977446790068,0.529882438435812,2187,38.639575971731446
2009-10,2009,10,post_monsoon,28.763470816649637,-0.23715788850524916,0.177580093979889,5044,89.11660777385158
2009-11,2009,11,post_monsoon,28.117464763219182,-0.2579672795797906,0.15795826028234047,5101,90.12367491166077
2009-12,2009,12,winter,26.189693745947924,-0.34928210728602427,0.18006134415965377,5025,88.78091872791519
2010-01,2010,1,winter,24.378278528756255,-0.25924986432382346,0.27047978191757766,5155,91.07773851590106
2010-02,2010,2,winter,24.759593666436658,-0.3713198895214072,0.21446149785070098,3611,63.79858657243817
2010-03,2010,3,pre_monsoon,27.748630861782573,0.03649866006332043,0.5597134879657201,461,8.144876325088338
2010-04,2010,4,pre_monsoon,28.63727790477012,-0.17610289870880816,0.44358818214973966,436,7.703180212014134
2010-05,2010,5,pre_monsoon,30.064654699860593,-0.1768883114445851,0.261623255309657,4112,72.65017667844523
2010-06,2010,6,sw_monsoon,29.852086762126557,-0.8246557499512267,0.14064963161945343,430,7.597173144876325
2010-07,2010,7,sw_monsoon,29.75957260081865,-0.38717969160459265,0.23115327164754726,2566,45.3356890459364
2010-08,2010,8,sw_monsoon,29.666791264472714,-0.43554510070461916,0.16433133342170125,3082,54.45229681978798
2010-09,2010,9,sw_monsoon,29.42217281261682,-0.2838543968250194,0.30736673417388277,2806,49.57597173144877
2010-10,2010,10,post_monsoon,29.627760564634418,-0.3587644586195924,0.20637865130792973,4609,81.43109540636043
2010-11,2010,11,post_monsoon,28.664828962879895,-0.3124644245326578,0.18560542397190108,5057,89.34628975265018
2010-12,2010,12,winter,26.462531915811272,-0.25639429121991947,0.20902931742799452,5077,89.69964664310955
2011-01,2011,1,winter,24.917893639932892,-0.3349971756891572,0.26381993392115927,4700,83.03886925795054
2011-02,2011,2,winter,25.22012482132073,-0.3069334269244873,0.21611911499116462,4980,87.98586572438163
2011-03,2011,3,pre_monsoon,26.59419982998643,-0.3403854614512445,0.1886966790141931,4833,85.3886925795053
2011-04,2011,4,pre_monsoon,28.557910067857037,-0.465305808657264,0.21658983780445665,2519,44.505300353356894
2011-05,2011,5,pre_monsoon,29.428151902009834,-0.6035261199380859,0.14729035115805186,2252,39.78798586572438
2011-06,2011,6,sw_monsoon,29.486521694125766,-0.5016025574614502,0.15234396582832713,1469,25.954063604240286
2011-07,2011,7,sw_monsoon,29.00697391084165,-0.49520871691820334,0.21274834548320895,2807,49.59363957597173
2011-08,2011,8,sw_monsoon,28.51367270432936,-0.2472791349745104,0.38891865887850485,1103,19.487632508833922
2011-09,2011,9,sw_monsoon,28.895929188590824,-0.16809831283919857,0.45247618885845425,520,9.187279151943462
2011-10,2011,10,post_monsoon,29.377299114037097,-0.31725232306415524,0.3016167165053711,4680,82.68551236749117
2011-11,2011,11,post_monsoon,27.456469507461374,-0.26452084431532286,0.29350737293416584,5072,89.6113074204947
2011-12,2011,12,winter,25.378182572631435,-0.2661886307768725,0.30953407018233003,5043,89.09893992932862
2012-01,2012,1,winter,24.525069640188892,-0.45568475749831844,0.16772106634052747,4637,81.92579505300354
2012-02,2012,2,winter,24.552066861096336,-0.2794511792388791,0.1712800999241546,5051,89.24028268551237
2012-03,2012,3,pre_monsoon,26.823772910794336,-0.4326221788643228,0.2650579276476519,944,16.67844522968198
2012-04,2012,4,pre_monsoon,28.56467811035396,-0.4079636773279351,0.26548722083659615,2605,46.024734982332156
2012-05,2012,5,pre_monsoon,29.653367020699392,-0.43697649700565905,0.34790947039922077,302,5.335689045936396
2012-06,2012,6,sw_monsoon,29.82324555766411,-0.41431380321896555,0.13640625774860382,59,1.0424028268551238
2012-07,2012,7,sw_monsoon,28.563387166337876,-0.21291194409492742,0.4104824742328853,80,1.4134275618374559
2012-08,2012,8,sw_monsoon,28.4049593330792,-0.1999706755224589,0.43456780793072985,2068,36.53710247349824
2012-09,2012,9,sw_monsoon,28.96629997268467,-0.38700153104567697,0.1813554894926351,3406,60.17667844522968
2012-10,2012,10,post_monsoon,29.20332720245531,-0.15155430599439876,0.3615040383177391,4744,83.81625441696113
2012-11,2012,11,post_monsoon,27.827899767100863,-0.1854604180261032,0.4673557396009644,5011,88.53356890459364
2012-12,2012,12,winter,25.044770725103895,-0.1855170459080537,0.3412712937077805,5042,89.08127208480565
2013-01,2013,1,winter,23.77679755998474,-0.21927925505048815,0.34056960140192694,5128,90.60070671378092
2013-02,2013,2,winter,24.25278133510369,-0.25809642994841675,0.21082501406440615,5142,90.84805653710248
2013-03,2013,3,pre_monsoon,26.77344938408327,-0.37831802813307136,0.16572917047565075,4788,84.59363957597174
2013-04,2013,4,pre_monsoon,28.723258316800372,-0.5613725682364062,0.16681617938054918,3717,65.6713780918728
2013-05,2013,5,pre_monsoon,28.874589595222933,-0.6456484135992973,0.22685794532299042,29,0.5123674911660777
2013-06,2013,6,sw_monsoon,29.504214993243064,-0.23083655657500626,0.150268581368232,1709,30.194346289752648
2013-07,2013,7,sw_monsoon,28.94582976239831,-0.13466924644797776,0.7115101021918003,642,11.342756183745584
2013-08,2013,8,sw_monsoon,28.71332729288812,-0.4519141489975573,0.21739389398625172,3020,53.35689045936396
2013-09,2013,9,sw_monsoon,29.133925565714964,-0.2972370822501704,0.27658824841427637,4134,73.03886925795054
2013-10,2013,10,post_monsoon,28.98540949349302,-0.2503360626182086,0.327160063006385,4581,80.93639575971731
2013-11,2013,11,post_monsoon,27.641002249920945,-0.19026767817006446,0.3349124942748944,5061,89.41696113074204
2013-12,2013,12,winter,25.856863833292064,-0.1988743540662546,0.4223050588834053,5130,90.63604240282686
2014-01,2014,1,winter,24.283106101290286,-0.17952655793871725,0.3345457645198432,5161,91.18374558303887
2014-02,2014,2,winter,24.620451650318547,-0.28233608395932813,0.2086061535340956,4771,84.29328621908128
2014-03,2014,3,pre_monsoon,26.48769088966369,-0.3496235208508858,0.17647809450922572,4848,85.65371024734982
2014-04,2014,4,pre_monsoon,28.946311056959672,-0.6302450016761806,0.14181394255097973,105,1.8551236749116609
2014-05,2014,5,pre_monsoon,30.081894552608258,-0.5253235010502442,0.21946857033803344,3327,58.7809187279152
2014-06,2014,6,sw_monsoon,30.290825095603683,-0.536257167557538,0.16587797502297863,2492,44.02826855123675
2014-07,2014,7,sw_monsoon,29.47989946658579,-0.26632918901232105,0.27217046898754704,956,16.890459363957596
2014-08,2014,8,sw_monsoon,28.946946767098048,-0.12363336570438471,0.67489805072546,516,9.11660777385159
2014-09,2014,9,sw_monsoon,29.18822338192589,-0.3321574314606157,0.18344986087104273,4010,70.84805653710248
2014-10,2014,10,post_monsoon,29.67109525909686,-0.22345362298376367,0.2764072637446944,4868,86.00706713780919
2014-11,2014,11,post_monsoon,28.02559431697289,-0.32055716248602223,0.16861026672167748,4774,84.34628975265016
2014-12,2014,12,winter,25.969647166115248,-0.27341824714293295,0.2775516319706442,5189,91.67844522968198
2015-01,2015,1,winter,24.747663509403633,-0.3416140286246213,0.2318795406272223,4899,86.5547703180212
2015-02,2015,2,winter,24.90149050073319,-0.36517662871638573,0.21140422004551795,4814,85.0530035335689
2015-03,2015,3,pre_monsoon,27.006468572525684,-0.3516931936566655,0.2111141414385654,4845,85.60070671378092
2015-04,2015,4,pre_monsoon,28.40296631588029,-0.3843498900798105,0.1751012733894605,2329,41.148409893992934
2015-05,2015,5,pre_monsoon,29.516451967677916,-0.5731117126602766,0.1943796559024525,635,11.219081272084805
2015-06,2015,6,sw_monsoon,29.641453254837685,-0.4949663521116719,0.17967789769172668,1647,29.098939929328623
2015-07,2015,7,sw_monsoon,29.358708307015107,0.5316470668345673,4.345746994018555,88,1.5547703180212016
2015-08,2015,8,sw_monsoon,29.043770163029414,-0.2221303397239467,0.5657509740594401,1811,31.996466431095406
2015-09,2015,9,sw_monsoon,29.341613186118064,-0.28381451028644755,0.27928338668708896,3704,65.44169611307422
2015-10,2015,10,post_monsoon,29.426839875564525,-0.4137862160437398,0.1793429076386604,4533,80.08833922261485
2015-11,2015,11,post_monsoon,27.786724172632923,-0.3353383818218381,0.2016552177509933,5062,89.43462897526501
2015-12,2015,12,winter,26.345136504787362,-0.3883554888949474,0.19933513551352933,1597,28.21554770318021
2016-01,2016,1,winter,24.74577373581946,-0.21568053375513394,0.27465292662951235,4854,85.75971731448763
2016-02,2016,2,winter,26.086520775021786,-0.4475583712105078,0.17430767658559185,3420,60.42402826855123
2016-03,2016,3,pre_monsoon,28.130781234782948,-0.365635551816069,0.22146022933917475,2002,35.371024734982335
2016-04,2016,4,pre_monsoon,28.98465525892063,-0.423266310927664,0.200095773829479,460,8.12720848056537
2016-05,2016,5,pre_monsoon,30.120878477835635,-0.5217989814867351,0.20273329238005175,3057,54.01060070671379
2016-06,2016,6,sw_monsoon,29.601200825210626,-0.4824425042234891,0.15205956370956875,3624,64.02826855123675
2016-07,2016,7,sw_monsoon,29.33118850223855,-0.30975565599373317,0.2175462444349622,2471,43.657243816254415
2016-08,2016,8,sw_monsoon,29.413512527025503,-0.4466508289208755,0.19449436636627923,1712,30.247349823321557
2016-09,2016,9,sw_monsoon,29.668789901952337,-0.389154643320219,0.18282104645017233,3768,66.57243816254417
2016-10,2016,10,post_monsoon,29.418355264439334,-0.3656536638890901,0.16579730200299378,4765,84.18727915194346
2016-11,2016,11,post_monsoon,27.841334893182662,-0.3727217103157508,0.21014670813756697,4945,87.36749116607774
2016-12,2016,12,winter,26.336294983346463,-0.329513486417979,0.2105108500998596,4948,87.42049469964664
2017-01,2017,1,winter,25.06689693168572,-0.17618733500777822,0.2994535441347627,5254,92.82685512367492
2017-02,2017,2,winter,25.230509613251847,-0.23544792029870024,0.2717115066941066,5167,91.28975265017668
2017-03,2017,3,pre_monsoon,26.743486851075332,-0.5178878536178838,0.17127713980218404,3851,68.03886925795052
2017-04,2017,4,pre_monsoon,28.30327648149744,-0.2836476520578962,0.3907824423641184,1272,22.473498233215548
2017-05,2017,5,pre_monsoon,29.99017028490496,-0.3446533096704728,0.28169708108667835,791,13.975265017667846
2017-06,2017,6,sw_monsoon,29.58858923488313,-0.6052161602625525,0.19415562639490752,304,5.371024734982332
2017-07,2017,7,sw_monsoon,28.997147173071628,-0.12248124154755106,0.719896343489902,1026,18.127208480565372
2017-08,2017,8,sw_monsoon,29.419874493228683,-0.37074267293048774,0.2941029919690991,2383,42.102473498233216
2017-09,2017,9,sw_monsoon,29.708620014951574,-0.2557358356604087,0.27613989013921125,3516,62.120141342756185
2017-10,2017,10,post_monsoon,29.56583614834315,-0.3376833502713956,0.20096883273685673,4796,84.73498233215547
2017-11,2017,11,post_monsoon,28.213865098191448,-0.34177428861773523,0.16193723286428252,4888,86.36042402826855
2017-12,2017,12,winter,25.87332589465836,-0.21401821548487773,0.30202882690416333,5051,89.24028268551237
2018-01,2018,1,winter,24.39282819443325,-0.36220621146648224,0.21474489262976826,4494,79.39929328621909
2018-02,2018,2,winter,24.933817204963606,-0.32654115714917553,0.21333983689245653,4709,83.19787985865725
2018-03,2018,3,pre_monsoon,27.33146211701726,-0.44749669957350696,0.16097187171567046,2200,38.869257950530034
2018-04,2018,4,pre_monsoon,28.743730677995337,-0.6893844417449809,0.16400507228688868,2413,42.63250883392226
2018-05,2018,5,pre_monsoon,29.46622018848971,-0.7545142334385815,0.16160592746158348,2439,43.091872791519435
2018-06,2018,6,sw_monsoon,29.69271438943041,-0.4628881759223854,0.1503969214423639,1800,31.802120141342755
2018-07,2018,7,sw_monsoon,29.193874598965458,-0.32738800989095124,0.2636725132058306,425,7.508833922261485
2018-08,2018,8,sw_monsoon,28.912900832816252,-0.6631120614870312,0.17969358887499612,1409,24.89399293286219
2018-09,2018,9,sw_monsoon,29.15437420569884,-0.4623091388481561,0.2109878060544945,4049,71.53710247349824
2018-10,2018,10,post_monsoon,29.08465691894168,-0.18951088672527858,0.3072186069728776,3589,63.409893992932865
2018-11,2018,11,post_monsoon,27.39919115702004,-0.3040581714072234,0.23132744909483752,5092,89.96466431095406
2018-12,2018,12,winter,25.421137372941974,-0.2577582132596927,0.30206256517612506,4687,82.80918727915194
2019-01,2019,1,winter,24.39761041145519,-0.19485634513527744,0.27484727678475557,5179,91.5017667844523
2019-02,2019,2,winter,24.783850391554036,-0.20621007070333328,0.3026536500082811,5093,89.98233215547702
2019-03,2019,3,pre_monsoon,26.65765934949623,-0.41798387820453897,0.23278642654400641,3265,57.685512367491164
2019-04,2019,4,pre_monsoon,28.76387547801837,-0.4863950790361114,0.20327310068837862,4004,70.74204946996467
2019-05,2019,5,pre_monsoon,29.831906934941284,-0.6777174034251925,0.17868133172288977,1345,23.763250883392224
2019-06,2019,6,sw_monsoon,29.9830050677133,-0.4987250821259884,0.13602629122777804,2442,43.14487632508834
2019-07,2019,7,sw_monsoon,29.502204145716405,-0.40703396924974267,0.16092185854368635,1589,28.074204946996467
2019-08,2019,8,sw_monsoon,29.073144187398963,-0.1950871799578298,0.5928834866183673,1693,29.91166077738516
2019-09,2019,9,sw_monsoon,29.231959257022904,-0.21856129067859015,0.3330407741010235,3528,62.332155477031804
2019-10,2019,10,post_monsoon,29.765428533069187,-0.027188416101270204,1.1140681075629641,4730,83.56890459363959
2019-11,2019,11,post_monsoon,28.251522391385606,-0.15500470687967058,0.4020688750667186,5091,89.9469964664311
2019-12,2019,12,winter,25.696006753240976,-0.09129364149890795,0.4292260786972564,5151,91.00706713780919
2020-01,2020,1,winter,23.843990860725206,0.02151783796151429,0.6053166902445414,5000,88.33922261484098
2020-02,2020,2,winter,24.158081801741268,-0.11538170254475566,0.34498978200690644,4810,84.98233215547704
2020-03,2020,3,pre_monsoon,26.640387608762808,-0.22871845118972486,0.2968231695174837,4701,83.0565371024735
2020-04,2020,4,pre_monsoon,29.150356407602274,-0.3230607035274723,0.30144132007104324,3868,68.33922261484099
2020-05,2020,5,pre_monsoon,29.907445580341875,-0.26427549380671145,0.3026194081310692,4094,72.3321554770318
2020-06,2020,6,sw_monsoon,30.06475800051757,-0.3704270996896623,0.1507536718042948,1863,32.91519434628975
2020-07,2020,7,sw_monsoon,29.97723631891326,0.1333775650646244,1.779189229210827,1338,23.63957597173145
2020-08,2020,8,sw_monsoon,29.507276930183114,-0.06100189970193897,1.4466025170191288,943,16.66077738515901
2020-09,2020,9,sw_monsoon,30.05070461341614,-0.1945416768421352,0.4231404204136747,2660,46.996466431095406
2020-10,2020,10,post_monsoon,29.85349185270311,-0.258888342711489,0.28636861399332225,4596,81.20141342756185
2020-11,2020,11,post_monsoon,28.453024612553566,-0.28335431787850135,0.2199528676297609,5009,88.4982332155477
2020-12,2020,12,winter,25.71141847972777,-0.22726421834519098,0.24657246650402476,4914,86.81978798586573
2021-01,2021,1,winter,24.437084426642354,-0.26116567689605075,0.278156683895642,5065,89.48763250883393
2021-02,2021,2,winter,24.57679919994825,-0.31322857481931854,0.2798881779288681,4815,85.07067137809187
2021-03,2021,3,pre_monsoon,27.243706456621478,-0.716719259159642,0.14861583734030023,1392,24.593639575971732
2021-04,2021,4,pre_monsoon,28.96235351073925,-0.624920878886013,0.1424356155591751,708,12.508833922261484
2021-05,2021,5,pre_monsoon,30.67953917547576,-0.4575066005868564,0.21494014334228892,4482,79.18727915194347
2021-06,2021,6,sw_monsoon,29.776751631731774,-0.7247383792457279,0.15264778769977047,257,4.540636042402827
2021-07,2021,7,sw_monsoon,29.6532927614829,-999,-999,0,0.0
2021-08,2021,8,sw_monsoon,29.604157855268582,-0.05542255599340621,0.7729549884796143,404,7.137809187279152
2021-09,2021,9,sw_monsoon,29.685283367836913,-0.40078130150094354,0.21532928036330806,3568,63.03886925795052
2021-10,2021,10,post_monsoon,29.851466123884546,-0.19642634963824146,0.40333142515602777,4896,86.5017667844523
2021-11,2021,11,post_monsoon,28.271153440294437,-999,-999,0,0.0
2021-12,2021,12,winter,26.22722230879034,-0.2346405386118761,0.31187835861083446,5072,89.6113074204947
2022-01,2022,1,winter,24.529839120103063,-0.28851133336803375,0.27513550073208415,4907,86.69611307420494
2022-02,2022,2,winter,24.47424132943525,-0.23987304794143863,0.2976340850193491,4988,88.12720848056537
2022-03,2022,3,pre_monsoon,26.95088013345093,-0.2026407604499405,0.303109189963398,5038,89.01060070671379
2022-04,2022,4,pre_monsoon,29.1447896144225,-999,-999,0,0.0
2022-05,2022,5,pre_monsoon,30.156662954285526,-0.29626673596794684,0.3086517742947459,3054,53.957597173144876
2022-06,2022,6,sw_monsoon,29.9558494853216,0.07296799063069537,2.517620431052314,1091,19.275618374558302
2022-07,2022,7,sw_monsoon,29.80287412732377,-0.3484399626701165,0.20989782768103896,4085,72.1731448763251
2022-08,2022,8,sw_monsoon,29.956323831399946,-0.3486814658960721,0.17993868695049461,4551,80.40636042402826
2022-09,2022,9,sw_monsoon,29.99911895109116,-0.3142469538739913,0.19728070417316662,4566,80.6713780918728
2022-10,2022,10,post_monsoon,29.894243947265174,-0.35133589977740043,0.1594684459867225,4933,87.15547703180212
2022-11,2022,11,post_monsoon,28.16922136202883,-0.1212033228454663,0.29930406415335525,5192,91.73144876325088
2022-12,2022,12,winter,26.164764248726296,-0.15007306190213981,0.2975256154789948,5266,93.03886925795052
2023-01,2023,1,winter,24.867355251917875,-0.26850507523457207,0.26708261337969624,4816,85.08833922261483
2023-02,2023,2,winter,25.324686633559693,-0.21457875556726388,0.2719104138137876,4919,86.90812720848056
2023-03,2023,3,pre_monsoon,27.295990767509874,-0.29144548816964494,0.29571211309435325,4831,85.35335689045937
2023-04,2023,4,pre_monsoon,29.66418151758247,-0.33313632141802846,0.20853924865041865,3101,54.78798586572439
2023-05,2023,5,pre_monsoon,30.154266882406784,-0.5190529438524311,0.22157544222050232,2838,50.14134275618375
2023-06,2023,6,sw_monsoon,30.081453585497023,-0.4248691696039986,0.35851314001613194,94,1.6607773851590106
2023-07,2023,7,sw_monsoon,29.769905205588486,-0.508539536035867,0.1555822998204932,4104,72.50883392226149
2023-08,2023,8,sw_monsoon,29.406223207552948,0.009875594806771394,0.9339845977776197,1250,22.084805653710244
2023-09,2023,9,sw_monsoon,30.043785107392406,-0.2264098782674132,0.21099146486738685,4013,70.90106007067138
2023-10,2023,10,post_monsoon,29.750302330661167,-0.1370574704366157,0.42591377011246406,4540,80.21201413427562
2023-11,2023,11,post_monsoon,28.618971627993915,-0.05920516527409167,0.5934605989803723,5174,91.41342756183745
2023-12,2023,12,winter,25.95802583872915,0.0012017743943341945,0.6939139869588434,4876,86.14840989399293
2024-01,2024,1,winter,24.123545034127954,-0.09661783792367275,0.32883455898650416,4639,81.96113074204948
2024-02,2024,2,winter,24.52104227580854,-0.25370025508257066,0.32736733155789677,4588,81.0600706713781
2024-03,2024,3,pre_monsoon,26.72986322391432,-0.2958702575531357,0.204565429011353,4734,83.63957597173145
2024-04,2024,4,pre_monsoon,29.74740719255872,-0.0798159359522395,1.0452789068222046,22,0.3886925795053004
2024-05,2024,5,pre_monsoon,30.572088600462457,-0.36741011491607606,0.21806052038272686,4960,87.63250883392226
2024-06,2024,6,sw_monsoon,30.104244033756014,-0.027227519270771078,1.1137633068220956,758,13.392226148409895
2024-07,2024,7,sw_monsoon,29.658980634865873,-0.3785429545849672,0.20831310576781056,2308,40.7773851590106
2024-08,2024,8,sw_monsoon,28.977059223725117,0.09382072436954111,0.9376882721696934,3137,55.42402826855124
2024-09,2024,9,sw_monsoon,29.80236228039911,-0.22166702565771085,0.3419337401664182,4503,79.5583038869258
2024-10,2024,10,post_monsoon,29.804158488298025,-0.2726193585520717,0.18196624454210467,4845,85.60070671378092
2024-11,2024,11,post_monsoon,28.620114638143708,-0.2077259745422187,0.290301406234971,5198,91.83745583038869
2024-12,2024,12,winter,26.335761186533606,-0.17681322119693496,0.2677970423407856,5207,91.9964664310954
2025-01,2025,1,winter,24.670611460939064,-0.2457848939550712,0.2611849915832432,5137,90.75971731448763
2025-02,2025,2,winter,25.931754483925047,-0.26994052885786296,0.2768937668640595,4962,87.6678445229682
2025-03,2025,3,pre_monsoon,27.546109992681888,-0.4157611793897125,0.2210626897045836,4163,73.55123674911661
2025-04,2025,4,pre_monsoon,29.247634930561585,-0.526818227571109,0.19852635851762115,4134,73.03886925795054
2025-05,2025,5,pre_monsoon,30.52314293525292,-0.37596859230165464,0.20986897884292202,4917,86.87279151943463
2025-06,2025,6,sw_monsoon,29.99746548923203,-0.19294172909146484,0.29785573856427716,2646,46.74911660777385
2025-07,2025,7,sw_monsoon,29.547165593531147,-0.3148934392254677,0.3493870304413045,3170,56.00706713780919
2025-08,2025,8,sw_monsoon,29.68133433551394,-0.2533034076941054,0.29416164321876553,4285,75.70671378091873
2025-09,2025,9,sw_monsoon,29.926233050116444,-0.2609117755807791,0.2843703259046528,4669,82.49116607773853
2025-10,2025,10,post_monsoon,29.989200783008695,-0.2407298459399012,0.18619208855105648,4974,87.87985865724382
2025-11,2025,11,post_monsoon,28.27828976537564,-0.12897734037791045,0.2714143674977359,5158,91.13074204946996
2025-12,2025,12,winter,25.555264515850787,-999,-999,0,0.0
