date,year,month,season,sst_C,sss_PSU,chl_geomean,chl_median,chl_validpix,chl_validpct,sst_C_anom,sss_PSU_anom,chl_geomean_anom,chl_log,chl_log_anom,IOD,ENSO
2005-01,2005,1,winter,24.27655240370305,27.672427650805574,0.5893845690347409,0.2630020614228424,5208,92.01413427561836,-0.2046357217212744,0.1532832798331185,0.0039806373540585,-0.2296012388131897,0.0157978502166044,-0.124,0.77
2005-02,2005,2,winter,25.161429611157,28.48708229361837,0.548296470716253,0.1814256789054941,5055,89.31095406360424,0.2216458801163803,0.0219254542656273,0.0161956312114829,-0.2609845495813912,0.018101134507033,-0.56,0.48
2005-03,2005,3,pre_monsoon,27.414099101793912,29.826245742598225,0.4446181965170666,0.1632135284746673,4878,86.18374558303887,0.3748284477112378,0.599819196670758,-0.013023175097701,-0.3520127672662743,0.0120124057782231,-0.433,0.55
2005-04,2005,4,pre_monsoon,28.42621411627708,30.42461419998612,0.2649791940033819,0.2214929661131789,3937,69.5583038869258,-0.4057886227868685,0.2597762190530837,-0.1275563744222696,-0.5767882252490795,-0.1438627791926718,0.084,0.4
2005-05,2005,5,pre_monsoon,29.60223049643417,30.07274291044309,0.3643927200379093,0.1884520433913583,3371,59.55830388692579,-0.2888884351791816,0.027338888967531,0.0038813718983282,-0.4384303080957092,0.0257977785952113,-0.033,0.33
2005-06,2005,6,sw_monsoon,29.505104646482067,28.881007687686232,,,0,0.0,-0.2479826992616089,0.7102966320746162,,,,-0.176,0.27
2005-07,2005,7,sw_monsoon,28.755534318540363,26.092569402394293,0.559050580970377,0.2719377420130714,2306,40.74204946996466,-0.5515278795284786,0.7925731733305668,-0.1525972638522433,-0.2525488968675245,-0.0186187926399153,-0.384,-0.02
2005-08,2005,8,sw_monsoon,28.568318854815065,22.135252798243343,0.99816606386887,1.422628538949149,306,5.406360424028269,-0.4933426462523123,-0.5589444650703719,0.3117086107207433,-0.0007971995721039,0.2094675885395416,-0.345,0.07
2005-09,2005,9,sw_monsoon,29.060038622444583,22.01352719476281,0.6705544558776905,0.5492696821806434,3407,60.19434628975265,-0.3172573224263679,0.4711445162842942,0.1076161426128619,-0.1735659472279589,0.08808629909683,-0.534,0.05
2005-10,2005,10,post_monsoon,29.297605757645744,22.70925410501129,0.5612097889545575,0.1641502805922061,4867,85.98939929328621,-0.1937098437096587,0.9267964408228692,0.0080100230568677,-0.2508747623552405,0.0164586311277674,-0.436,0.1
2005-11,2005,11,post_monsoon,28.04195112711693,24.53876170850221,0.5177456929879141,0.1734085635744799,5109,90.26501766784452,-0.0728351177297845,0.2672250437054941,-0.0517802963191532,-0.2858835052193723,-0.0324624850033025,-0.272,-0.26
2005-12,2005,12,winter,26.14832711202254,26.32778465203201,0.5739265971095954,0.4085183063383967,5237,92.52650176678443,0.2247527250076473,0.2988823545246255,-0.0178689692509915,-0.2411436485580113,-0.0029192110818286,-0.3,-0.65
2006-01,2006,1,winter,24.964108381587355,27.79671188137703,0.4982011416126339,0.2315522275148237,5002,88.37455830388693,0.4829202561630303,0.2775675104045731,-0.0872027900680484,-0.3025952816258886,-0.0571961925960944,-0.135,-0.69
2006-02,2006,2,winter,25.636092200034515,28.47029172005283,0.4847122709989564,0.1835081073741816,5085,89.84098939929329,0.6963084689938945,0.005134880700087,-0.0473885685058136,-0.3145159855182637,-0.0354303014298394,-0.306,-0.63
2006-03,2006,3,pre_monsoon,27.704694907661192,29.10519442798988,0.3605457610225772,0.1579395426908439,4835,85.42402826855124,0.665424253578518,-0.1212321179375877,-0.0970956105921904,-0.4430396061225435,-0.079014433078046,-0.226,-0.62
2006-04,2006,4,pre_monsoon,28.61085053480549,30.213542312280406,0.3995624922349114,0.2645735816014337,4002,70.70671378091873,-0.221152204258459,0.0487043313473698,0.0070269238092599,-0.3984152866621295,0.034510159394278,-0.015,-0.14
2006-05,2006,5,pre_monsoon,30.25269873644557,29.53426874825185,0.3627698651182161,0.1528541727980378,4526,79.96466431095406,0.3615798048322176,-0.511135273223708,0.002258516978635,-0.4403687964642984,0.0238592902266222,-0.208,0.02
2006-06,2006,6,sw_monsoon,29.2114603568245,28.01469455935141,0.2938482294826536,0.156984479411312,1191,21.042402826855124,-0.5416269889191767,-0.1560164962602073,-0.1110830922368509,-0.5318769216867958,-0.0753169819681988,-0.059,0.19
2006-07,2006,7,sw_monsoon,28.75108578452516,25.344707212005908,0.3435870264339659,0.2168426748978976,2086,36.85512367491166,-0.5559764135436822,0.0447109829421812,-0.3680608183886544,-0.4639632431368142,-0.230033138909205,0.04,0.26
2006-08,2006,8,sw_monsoon,27.807315461499297,23.61606818816909,1.179643052293177,1.7747724652290344,603,10.653710247349824,-1.2543460395680803,0.9218709248553764,0.4931855991450502,0.0717506141952622,0.2820154023069077,0.229,0.51
2006-09,2006,9,sw_monsoon,28.7247509416602,21.732709586967754,0.4485172149705562,0.2108384493948403,4209,74.36395759717314,-0.6525450032107507,0.19032690848924,-0.1144210982942723,-0.3482208832258244,-0.0865686369010354,0.428,0.66
2006-10,2006,10,post_monsoon,29.575988005832222,22.346003361203188,0.4164610077743154,0.2096677686143948,4921,86.9434628975265,0.0846724044768194,0.5635456970147672,-0.1367387581233743,-0.3804256542840286,-0.1130922608010207,0.577,0.76
2006-11,2006,11,post_monsoon,28.503889394462178,24.678262445332663,0.4738499100530186,0.2111355720963362,5167,91.28975265017668,0.3891031496154618,0.4067257805359432,-0.0956760792540487,-0.3243591974776659,-0.0709381772615961,0.501,0.99
2006-12,2006,12,winter,25.689252141865367,26.734466747050057,0.4489691476247476,0.2804272317708205,4895,86.48409893992934,-0.2343222451495243,0.705564449542674,-0.1428264187358393,-0.3477835019291794,-0.1095590644529967,0.172,1.08
2007-01,2007,1,winter,23.94366679837388,28.126301670192227,0.7493692237847835,0.3002949630699721,4785,84.54063604240282,-0.5375213270504453,0.6071572992197716,0.1639652921041011,-0.1253041471308048,0.1200949418989893,0.225,0.69
2007-02,2007,2,winter,24.83921295640225,28.646612682584863,0.5863728101700599,0.2820410021744632,5016,88.62190812720848,-0.1005707746383706,0.1814558432321185,0.0542719706652898,-0.2318261759298163,0.0472595081586079,0.15,0.27
2007-03,2007,3,pre_monsoon,26.26162412384559,29.592913860308474,0.5734507239001686,0.1911258557238387,4930,87.10247349823321,-0.7776465302370852,0.3664873143810077,0.1158093522854009,-0.2415038946897858,0.1225212783547116,0.115,0.06
2007-04,2007,4,pre_monsoon,28.289709573305736,30.643511207508865,0.4591664648016673,0.3063054285159979,4283,75.67137809187278,-0.5422931657582133,0.4786732265758289,0.0666308963760157,-0.3380298381262381,0.0948956079301695,0.1,-0.01
2007-05,2007,5,pre_monsoon,29.57750941892077,29.693947127139342,0.3704831835557478,0.216588811780466,4235,74.82332155477032,-0.3136095126925831,-0.3514568943362164,0.0099718354161667,-0.4312315001129707,0.0329965865779499,0.27,-0.23
2007-06,2007,6,sw_monsoon,29.712762205641337,28.064209968809188,0.3665762511807844,0.1472808258755198,2806,49.57597173144877,-0.0403251401023396,-0.106501086802428,-0.0383550705387201,-0.4358356744398903,0.0207242652787065,0.031,-0.02
2007-07,2007,7,sw_monsoon,28.87911138673785,24.72583391313577,0.6971019300465737,0.3003452952102649,1532,27.06713780918728,-0.4279508113309909,-0.574162315927957,-0.0145459147760466,-0.1567037148428697,0.0772263893847394,0.045,-0.24
2007-08,2007,8,sw_monsoon,28.747084899675286,22.90949254810601,0.4101758323782788,0.216819535735144,3471,61.32508833922261,-0.3145766013920905,0.2152952847922939,-0.2762816207698478,-0.387029931910015,-0.1767651437983695,0.237,-0.53
2007-09,2007,9,sw_monsoon,28.59928132637511,21.50215287313834,0.7946207801259874,0.5937562405116974,2761,48.78091872791519,-0.7780146184958419,-0.040229805340175,0.2316824668611588,-0.0998400818982671,0.1618121644265218,0.235,-0.9
2007-10,2007,10,post_monsoon,28.730086551116774,20.31552445366884,0.4959528263384544,0.2112792376564929,4890,86.39575971731449,-0.7612290502386294,-1.4669332105195814,-0.0572469395592353,-0.3045596304356399,-0.037226236952632,0.068,-1.07
2007-11,2007,11,post_monsoon,28.114122264872496,24.466097909993827,0.5567236754281415,0.2771711206579058,5083,89.80565371024734,-0.0006639799742202,0.1945612451971072,-0.0128023138789258,-0.2543603093394327,-0.0009392891233629,-0.023,-1.36
2007-12,2007,12,winter,25.44502465336427,26.93739814071745,0.6290338999269778,0.2841002005399644,5199,91.85512367491168,-0.4785497336506203,0.9084958432100692,0.0372383335663908,-0.2013259489036945,0.0368984885724881,-0.227,-1.42
2008-01,2008,1,winter,24.30715901976444,28.04633609129414,0.6070742030878142,0.2883548819261423,5206,91.97879858657244,-0.174029105659887,0.5271917203216852,0.0216702714071318,-0.2167582215738439,0.0286408674559501,0.115,-1.6
2008-02,2008,2,winter,24.292726667697824,29.19058090777937,0.5153813827654178,0.2742449894055661,5034,88.9399293286219,-0.6470570633427961,0.7254240684266264,-0.0167194567393522,-0.2878712736164688,-0.0087855895280445,-0.072,-1.64
2008-03,2008,3,pre_monsoon,26.71722984253567,29.034234237079776,0.4131223001357034,0.2746159318951329,3997,70.61837455830388,-0.322040811547005,-0.1921923088476909,-0.0445190714790643,-0.3839213613911555,-0.019896188346658,0.097,-1.14
2008-04,2008,4,pre_monsoon,29.06198036890079,29.71673075007127,0.3458701285307866,0.2213849636086828,4481,79.1696113074205,0.2299776298368421,-0.4481072308617655,-0.0466654398948649,-0.4610869447056275,-0.0281614986492198,-0.153,-0.89
2008-05,2008,5,pre_monsoon,29.82627714026541,29.433708280423826,0.3494640399966188,0.1300200173970761,242,4.275618374558303,-0.0648417913479377,-0.611695741051733,-0.0110473081429622,-0.4565975067123486,0.0076305799785719,0.179,-0.75
2008-06,2008,6,sw_monsoon,29.50551804968516,27.857763766673745,0.25628145478076,0.1634036866763165,940,16.607773851590103,-0.2475692960585149,-0.3129472889378704,-0.1486498669387446,-0.5912828194021092,-0.1347228796835123,0.215,-0.55
2008-07,2008,7,sw_monsoon,28.942422937367645,25.26588191604357,0.7443392793043266,0.576964038113753,1237,21.85512367491166,-0.3646392607011961,-0.0341143130201579,0.0326914344817063,-0.1282290623798708,0.1057010418477383,0.246,-0.17
2008-08,2008,8,sw_monsoon,28.766652429302447,23.88625799991836,0.5508446062885163,0.2786738846783171,1872,33.07420494699647,-0.2950090717649303,1.1920607366046454,-0.1356128468596104,-0.2589708986972924,-0.0487061105856468,0.124,-0.15
2008-09,2008,9,sw_monsoon,29.262829537939552,21.728800211231665,0.8289155162353521,0.4672016483661266,3033,53.58657243816255,-0.1144664069313989,0.1864175327531505,0.2659772029705235,-0.0814897308520349,0.180162515472754,0.086,-0.29
2008-10,2008,10,post_monsoon,29.68160459732376,22.9931625580376,0.4479785769124856,0.212029506007654,4901,86.59010600706713,0.1902889959683555,1.2107048938491758,-0.1052211889852042,-0.3487427541963962,-0.0814093607133883,0.029,-0.27
2008-11,2008,11,post_monsoon,28.113875628971503,25.788174366244544,0.4332951169858214,0.2107263928594532,5165,91.25441696113074,-0.0009106158752132,1.5166377014478236,-0.1362308723212458,-0.363216205214557,-0.1097951849984872,-0.128,-0.39
2008-12,2008,12,winter,26.58641017382568,27.029342396178524,0.4206949874738869,0.2105842873399538,5033,88.92226148409894,0.6628357868107884,1.0004400986711417,-0.1711005788867,-0.3760326625144989,-0.1378082250383162,-0.053,-0.74
2009-01,2009,1,winter,24.909119623076247,27.8052834275674,0.3973992685575436,0.1853770913431392,4794,84.69964664310953,0.4279314976519224,0.2861390565949442,-0.1880046631231388,-0.4007729365762665,-0.1553738475464723,0.031,-0.86
2009-02,2009,2,winter,25.478184372342927,28.527304278162816,0.5250161238236839,0.1867674449397161,5087,89.87632508833923,0.5384006413023066,0.0621474388100722,-0.0070847156810861,-0.2798273587271385,-0.0007416746387142,0.163,-0.65
2009-03,2009,3,pre_monsoon,27.022495575750675,29.146452076694697,0.310636223380788,0.1695614547540317,689,12.173144876325088,-0.0167750783319995,-0.0799744692327699,-0.1470051482339796,-0.5077479024480192,-0.1437227294035217,0.1,-0.58
2009-04,2009,4,pre_monsoon,28.5386400845338,30.066887077241635,0.3247856027787701,0.1698080980422785,4269,75.42402826855124,-0.2933626545301493,-0.0979509036914016,-0.0677499656468814,-0.4884032305771597,-0.055477784520752,0.126,-0.15
2009-05,2009,5,pre_monsoon,29.433350019338697,29.843280558443134,0.3618072424149958,0.1530597068524552,4183,73.90459363957598,-0.4577689122746555,-0.2021234630324251,0.0012958942754147,-0.4415227439731994,0.0227053427177211,0.257,0.22
2009-06,2009,6,sw_monsoon,29.435609901089745,27.801730344575155,0.1402609050273895,0.1402609050273895,4,0.0706713780918728,-0.3174774446539317,-0.3689807110364604,-0.264670416692115,-0.8530633631619391,-0.3965034234433421,0.1,0.54
2009-07,2009,7,sw_monsoon,29.571911456579745,25.45360707259619,0.7433472824354286,0.4195543422979096,850,15.01766784452297,0.2648492585109032,0.1536108435324621,0.0316994376128082,-0.128808241947878,0.1051218622797311,-0.192,0.6
2009-08,2009,8,sw_monsoon,29.16424492811293,22.21409602593828,1.3497874463148474,1.5689810395240784,842,14.876325088339224,0.1025834270455519,-0.4801012373754361,0.6633299931667207,0.1302653846725043,0.3405301727841499,-0.104,0.61
2009-09,2009,9,sw_monsoon,29.05691955634146,21.87290310480044,0.8033452965742941,0.529882438435812,2187,38.639575971731446,-0.3203763885294926,0.3305204263219252,0.2404069833094655,-0.0950977446790067,0.1665545016457821,-0.103,0.63
2009-10,2009,10,post_monsoon,28.76347081664964,22.202495873888424,0.5792180824153853,0.177580093979889,5044,89.11660777385158,-0.7278447847057627,0.420038209700003,0.0260183165176954,-0.2371578885052491,0.0301755049777587,-0.013,0.97
2009-11,2009,11,post_monsoon,28.117464763219186,24.83602311965308,0.552119035218684,0.1579582602823404,5101,90.12367491166076,0.0026785183724697,0.5644864548563575,-0.0174069540883833,-0.2579672795797906,-0.0045462593637208,-0.067,1.38
2009-12,2009,12,winter,26.189693745947924,27.660851787650607,0.447422574780666,0.1800613441596537,5025,88.78091872791519,0.2661193589330324,1.6319494901432243,-0.1443729915799209,-0.3492821072860242,-0.1110576698098415,0.16,1.59
2010-01,2010,1,winter,24.37827852875625,28.50366203095387,0.5504908892269765,0.2704797819175776,5155,91.07773851590106,-0.1029095966680735,0.9845176599814138,-0.0349130424537058,-0.2592498643238234,-0.0138507752940292,0.294,1.33
2010-02,2010,2,winter,24.759593666436658,29.084982809238813,0.4252850443240813,0.2144614978507009,3611,63.79858657243817,-0.1801900646039627,0.6198259698860689,-0.1068157951806887,-0.3713198895214072,-0.0922342054329829,0.023,1.2
2010-03,2010,3,pre_monsoon,27.748630861782573,30.128821744307988,1.087673781806082,0.5597134879657201,461,8.144876325088338,0.7093602076998984,0.9023951983805212,0.6300324101913143,0.0364986600633203,0.4005238331078178,0.458,0.93
2010-04,2010,4,pre_monsoon,28.63727790477012,31.2466619860848,0.6666487993782493,0.4435881821497396,436,7.703180212014134,-0.1947248342938294,1.0818240051517627,0.2741132309525977,-0.176102898708808,0.2568225473475996,0.37,0.59
2010-05,2010,5,pre_monsoon,30.0646546998606,31.143336028115005,0.665444268099497,0.261623255309657,4112,72.65017667844523,0.1735357682472447,1.0979320066394465,0.3049329199599159,-0.176888311444585,0.2873397752463354,-0.029,0.0
2010-06,2010,6,sw_monsoon,29.85208676212656,29.5561003818811,0.1497422139956517,0.1406496316194534,430,7.597173144876325,0.0989994163828846,1.385389326269486,-0.2551891077238528,-0.8246557499512267,-0.3680958102326297,-0.14,-0.38
2010-07,2010,7,sw_monsoon,29.75957260081865,26.39080256104831,0.4100344140090736,0.2311532716475472,2566,45.3356890459364,0.4525104027498088,1.0908063319845844,-0.3016134308135467,-0.3871796916045926,-0.1532495873769834,-0.001,-0.8
2010-08,2010,8,sw_monsoon,29.66679126447272,24.50725720831424,0.3668215986968236,0.1643313334217012,3082,54.45229681978798,0.6051297634053405,1.8130599450005211,-0.319635854451303,-0.4355451007046191,-0.2252803125929735,-0.061,-1.08
2010-09,2010,9,sw_monsoon,29.42217281261682,23.360911484000177,0.5201703615429004,0.3073667341738827,2806,49.57597173144877,0.0448768677458701,1.8185288055216624,-0.0427679517219281,-0.2838543968250194,-0.0222021505002304,-0.267,-1.34
2010-10,2010,10,post_monsoon,29.627760564634418,24.600241559020223,0.4377594614130201,0.2063786513079297,4609,81.43109540636043,0.1364449632790147,2.817783894831802,-0.1154403044846697,-0.3587644586195924,-0.0914310651365845,-0.437,-1.49
2010-11,2010,11,post_monsoon,28.66482896287989,25.929656112560966,0.4870074170078872,0.185605423971901,5057,89.34628975265018,0.5500427180331755,1.6581194477642462,-0.0825185722991801,-0.3124644245326578,-0.059043404316588,-0.495,-1.39
2010-12,2010,12,winter,26.462531915811272,28.14516164879672,0.5541224028361525,0.2090293174279945,5077,89.69964664310955,0.5389575287963808,2.1162593512893366,-0.0376731635244343,-0.2563942912199194,-0.0181698537437367,-0.212,-1.43
2011-01,2011,1,winter,24.91789363993289,29.38096084490326,0.4623840283727148,0.2638199339211592,4700,83.03886925795054,0.4367055145085636,1.861816473930805,-0.1230199033079675,-0.3349971756891572,-0.089598086659363,0.191,-1.4
2011-02,2011,2,winter,25.22012482132073,29.290167955507503,0.4932494084463749,0.2161191149911646,4980,87.98586572438163,0.2803410902801104,0.8250111161547586,-0.0388514310583951,-0.3069334269244873,-0.027847742836063,0.241,-1.07
2011-03,2011,3,pre_monsoon,26.59419982998643,29.75884497157987,0.4566826774151293,0.1886966790141931,4833,85.3886925795053,-0.4450708240962449,0.532418425652402,-0.0009586941996383,-0.3403854614512445,0.0236397115932529,0.367,-0.79
2011-04,2011,4,pre_monsoon,28.55791006785704,29.788821341992712,0.3425265114103822,0.2165898378044566,2519,44.505300353356894,-0.2740926712069083,-0.3760166389403245,-0.0500090570152693,-0.465305808657264,-0.0323803626008564,0.154,-0.65
2011-05,2011,5,pre_monsoon,29.42815190200984,29.71620250849029,0.2491574515034492,0.1472903511580518,2252,39.78798586572438,-0.4629670296035151,-0.3292015129852679,-0.1113538966361318,-0.6035261199380859,-0.1392980332471653,-0.089,-0.46
2011-06,2011,6,sw_monsoon,29.486521694125766,27.7325147791411,0.3150630279572467,0.1523439658283271,1469,25.95406360424029,-0.2665656516179098,-0.4381962764705172,-0.0898682937622578,-0.5016025574614502,-0.0450426177428532,0.055,-0.21
2011-07,2011,7,sw_monsoon,29.00697391084165,24.91737957376693,0.3197358126960169,0.2127483454832089,2807,49.59363957597173,-0.3000882872271901,-0.3826166552967969,-0.3919120321266034,-0.4952087169182033,-0.2612786126905941,0.223,-0.18
2011-08,2011,8,sw_monsoon,28.51367270432936,21.1696580510821,0.5658754658427768,0.3889186588785048,1103,19.48763250883392,-0.5479887967380179,-1.524539212231616,-0.1205819873053498,-0.2472791349745104,-0.0370143468628648,0.344,-0.56
2011-09,2011,9,sw_monsoon,28.895929188590824,20.63176160057841,0.6790498961943622,0.4524761888584542,520,9.187279151943462,-0.4813667562801278,-0.9106210779001032,0.1161115829295336,-0.1680983128391985,0.0935539334855904,0.202,-0.69
2011-10,2011,10,post_monsoon,29.377299114037097,20.002336894992755,0.4816678695335932,0.3016167165053711,4680,82.68551236749117,-0.114016487318306,-1.7801207691956655,-0.0715318963640965,-0.3172523230641552,-0.0499189295811473,0.356,-0.9
2011-11,2011,11,post_monsoon,27.45646950746137,22.619341405519904,0.5438500285714959,0.2935073729341658,5072,89.6113074204947,-0.6583167373853449,-1.652195259276816,-0.0256759607355714,-0.2645208443153228,-0.011099824099253,0.336,-0.92
2011-12,2011,12,winter,25.378182572631435,24.893045312567786,0.5417655297108036,0.30953407018233,5043,89.09893992932862,-0.5453918143834571,-1.135856984939597,-0.0500300366497833,-0.2661886307768725,-0.0279641933006898,-0.128,-0.99
2012-01,2012,1,winter,24.52506964018889,26.862202713059567,0.3501992748801856,0.1677210663405274,4637,81.92579505300354,0.0438815147645641,-0.6569416579128884,-0.2352046568004968,-0.4556847574983184,-0.2102856684685242,0.046,-0.91
2012-02,2012,2,winter,24.552066861096336,27.71191890844662,0.5254710820735543,0.1712800999241546,5051,89.24028268551237,-0.3877168699442848,-0.7532379309061241,-0.0066297574312157,-0.279451179238879,-0.0003654951504547,-0.078,-0.64
2012-03,2012,3,pre_monsoon,26.823772910794336,28.49782652564648,0.3692987359517926,0.2650579276476519,944,16.67844522968198,-0.2154977432883384,-0.7286000202809895,-0.0883426356629751,-0.4326221788643228,-0.0685970058198253,0.026,-0.53
2012-04,2012,4,pre_monsoon,28.56467811035396,29.62791665831092,0.390873585545462,0.2654872208365961,2605,46.02473498233216,-0.2673246287099893,-0.536921322622117,-0.0016619828801895,-0.4079636773279351,0.0249617687284725,-0.271,-0.29
2012-05,2012,5,pre_monsoon,29.653367020699392,30.32083030195199,0.3656145772774276,0.3479094703992207,302,5.335689045936396,-0.2377519109139605,0.2754262804764309,0.0051032291378465,-0.436976497005659,0.0272515896852615,-0.37,-0.21
2012-06,2012,6,sw_monsoon,29.82324555766411,28.228152929973827,0.3851999275610313,0.1364062577486038,59,1.0424028268551238,0.0701582119204324,0.0574418743622118,-0.0197313941584732,-0.4143138032189655,0.0422461364996314,0.0,0.05
2012-07,2012,7,sw_monsoon,28.56338716633788,25.170300120888864,0.612474562159806,0.4104824742328853,80,1.413427561837456,-0.7436750317309624,-0.129696108174862,-0.0991732826628143,-0.2129119440949274,0.0210181601326817,0.546,0.23
2012-08,2012,8,sw_monsoon,28.4049593330792,21.89672817567218,0.6309999494865343,0.4345678079307298,2068,36.53710247349824,-0.6567021679881755,-0.7974690876415345,-0.0554575036615924,-0.1999706755224589,0.0102941125891866,0.652,0.45
2012-09,2012,9,sw_monsoon,28.96629997268467,21.24425490587969,0.4102026568708083,0.1813554894926351,3406,60.17667844522968,-0.4109959721862815,-0.2981277725988249,-0.1527356563940202,-0.3870015310456769,-0.1253492847208879,0.453,0.29
2012-10,2012,10,post_monsoon,29.20332720245531,19.5148115809239,0.7054166302961892,0.3615040383177391,4744,83.81625441696113,-0.2879883989000937,-2.26764608326452,0.1522168643984993,-0.1515543059943987,0.1157790874886091,0.11,0.26
2012-11,2012,11,post_monsoon,27.827899767100863,21.63322355600519,0.6524385020966657,0.4673557396009644,5011,88.53356890459364,-0.2868864777458526,-2.638313108791529,0.0829125127895983,-0.1854604180261032,0.0679606021899665,-0.099,0.33
2012-12,2012,12,winter,25.04477072510389,24.32356208858837,0.6523534358492159,0.3412712937077805,5042,89.08127208480565,-0.8788036619110002,-1.7053402089190115,0.0605578694886289,-0.1855170459080537,0.0527073915681289,0.267,-0.01
2013-01,2013,1,winter,23.77679755998474,26.774574108508286,0.6035604100917537,0.3405696014019269,5128,90.60070671378092,-0.704390565439585,-0.744570262464169,0.0181564784110712,-0.219279255050488,0.026119833979306,-0.065,-0.3
2013-02,2013,2,winter,24.25278133510369,28.281776417653354,0.5519548706289625,0.2108250140644061,5142,90.84805653710248,-0.6870023959369291,-0.1833804216993897,0.0198540311241924,-0.2580964299484167,0.0209892541400075,0.189,-0.37
2013-03,2013,3,pre_monsoon,26.77344938408327,29.323947265819484,0.4184870003625587,0.1657291704756507,4788,84.59363957597174,-0.2658212699994031,0.0975207198920173,-0.039154371252209,-0.3783180281330713,-0.0142928550885738,0.083,-0.23
2013-04,2013,4,pre_monsoon,28.72325831680037,30.43309265306875,0.2745537827815394,0.1668161793805491,3717,65.6713780918728,-0.1087444222635802,0.2682546721357148,-0.1179817856441121,-0.5613725682364062,-0.1284471221799986,-0.297,-0.09
2013-05,2013,5,pre_monsoon,28.874589595222933,30.476490951842862,0.2261265654230443,0.2268579453229904,29,0.5123674911660777,-1.0165293363904198,0.4310869303673037,-0.1343847827165367,-0.6456484135992973,-0.1814203269083766,-0.506,-0.25
2013-06,2013,6,sw_monsoon,29.504214993243064,28.012044672024256,0.5877104912884561,0.150268581368232,1709,30.194346289752648,-0.2488723525006122,-0.1586663835873594,0.1827791695689515,-0.2308365565750061,0.2257233831435907,-0.497,-0.28
2013-07,2013,7,sw_monsoon,28.94582976239831,25.649290845253443,0.7333828562339513,0.7115101021918003,642,11.342756183745584,-0.3612324356705301,0.3492946161897166,0.0217350114113309,-0.1346692464479777,0.0992608577796314,-0.181,-0.23
2013-08,2013,8,sw_monsoon,28.71332729288812,23.324326917155243,0.3532529936731308,0.2173938939862517,3020,53.35689045936396,-0.3483342081792564,0.6301296538415286,-0.3332044594749958,-0.4519141489975573,-0.2416493608859117,-0.194,-0.34
2013-09,2013,9,sw_monsoon,29.133925565714964,20.87970695780352,0.5043858771072176,0.2765882484142763,4134,73.03886925795054,-0.2433703791559871,-0.6626757206749971,-0.0585524361576109,-0.2972370822501704,-0.0355848359253814,-0.31,-0.1
2013-10,2013,10,post_monsoon,28.98540949349302,23.2495191878074,0.5619063466067039,0.327160063006385,4581,80.93639575971731,-0.5059061078623834,1.4670615236189768,0.008706580709014,-0.2503360626182086,0.0169973308647992,-0.168,-0.15
2013-11,2013,11,post_monsoon,27.641002249920945,25.26438791513944,0.6452564015250226,0.3349124942748944,5061,89.41696113074204,-0.4737839949257711,0.9928512503427208,0.0757304122179552,-0.1902676781700644,0.0631533420460053,0.199,0.12
2013-12,2013,12,winter,25.856863833292064,26.93213009592921,0.6325948412052387,0.4223050588834053,5130,90.63604240282686,-0.066710553722828,0.9032277984218277,0.0407992748446517,-0.1988743540662546,0.039350083409928,0.141,-0.16
2014-01,2014,1,winter,24.283106101290286,28.31839724399426,0.6614140895099556,0.3345457645198432,5161,91.18374558303888,-0.1980820241340382,0.7992528730218034,0.0760101578292732,-0.1795265579387171,0.0658725310910769,-0.101,-0.25
2014-02,2014,2,winter,24.620451650318547,29.013193912854025,0.5219920828653866,0.2086061535340956,4771,84.29328621908128,-0.3193320807220736,0.5480370735012805,-0.0101087566393834,-0.2823360839593281,-0.0032503998709038,-0.089,-0.23
2014-03,2014,3,pre_monsoon,26.48769088966369,29.49588642652797,0.4470709789972303,0.1764780945092257,4848,85.65371024734982,-0.5515797644189853,0.2694598806005039,-0.0105703926175373,-0.3496235208508858,0.0144016521936116,-0.151,0.12
2014-04,2014,4,pre_monsoon,28.946311056959672,30.229419686399982,0.2342906721578899,0.1418139425509797,105,1.8551236749116609,0.1143083178957233,0.0645817054669457,-0.1582448962677616,-0.6302450016761806,-0.1973195556197729,-0.058,0.44
2014-05,2014,5,pre_monsoon,30.08189455260825,30.48958258739896,0.2983159669180161,0.2194685703380334,3327,58.7809187279152,0.190775620994902,0.4441785659234014,-0.0621953812215649,-0.5253235010502442,-0.0610954143593235,-0.092,0.53
2014-06,2014,6,sw_monsoon,30.290825095603683,28.69669896124101,0.2908994046597331,0.1658779750229786,2492,44.02826855123675,0.5377377498600069,0.5259879056293961,-0.1140319170597714,-0.536257167557538,-0.0796972278389411,-0.028,0.41
2014-07,2014,7,sw_monsoon,29.47989946658579,26.2201823386064,0.541590217132409,0.272170468987547,956,16.890459363957596,0.1728372685169468,0.9201861095426728,-0.1700576276902113,-0.266329189012321,-0.0323990847847118,-0.363,0.13
2014-08,2014,8,sw_monsoon,28.946946767098048,23.132583274898707,0.7522576869844236,0.67489805072546,516,9.11660777385159,-0.114714733969329,0.438386011584992,0.0658002338362969,-0.1236333657043847,0.0866314224072608,-0.372,0.15
2014-09,2014,9,sw_monsoon,29.18822338192589,21.936578446769875,0.4654173494606123,0.1834498608710427,4010,70.84805653710248,-0.1890725629450607,0.394195768291361,-0.0975209638042162,-0.3321574314606157,-0.0705051851358267,-0.145,0.31
2014-10,2014,10,post_monsoon,29.67109525909686,21.78251168994289,0.5977868771633383,0.2764072637446944,4868,86.00706713780919,0.1797796577414558,5.402575446922242e-05,0.0445871112656485,-0.2234536229837635,0.0438797704992443,0.141,0.45
2014-11,2014,11,post_monsoon,28.02559431697289,25.30419535352112,0.4780164447724651,0.1686102667216774,4774,84.34628975265016,-0.0891919278738271,1.0326586887243965,-0.0915095445346022,-0.3205571624860222,-0.0671361422699524,0.009,0.84
2014-12,2014,12,winter,25.969647166115248,26.39174422948107,0.5328215147556286,0.2775516319706442,5189,91.67844522968198,0.0460727791003563,0.3628419319736871,-0.0589740516049583,-0.2734182471429329,-0.0351938096667502,0.046,0.78
2015-01,2015,1,winter,24.74766350940364,27.936210457243828,0.4553926023074102,0.2318795406272223,4899,86.5547703180212,0.2664753839793121,0.4170660862713724,-0.1300113293732721,-0.3416140286246213,-0.0962149395948271,-0.1,0.63
2015-02,2015,2,winter,24.90149050073319,28.68057975717367,0.4313436125592867,0.2114042200455179,4814,85.0530035335689,-0.0382932303074312,0.215422917820927,-0.1007572269454832,-0.3651766287163857,-0.0860909446279614,-0.345,0.67
2015-03,2015,3,pre_monsoon,27.006468572525684,29.24074402378645,0.4449454871877945,0.2111141414385654,4845,85.60070671378092,-0.0328020815569907,0.0143174778589845,-0.0126958844269732,-0.3516931936566655,0.0123319793878319,-0.241,0.74
2015-04,2015,4,pre_monsoon,28.40296631588029,30.31055400501126,0.4127148635887904,0.1751012733894605,2329,41.14840989399293,-0.4290364231836605,0.1457160240782222,0.0201792951631388,-0.3843498900798105,0.0485755559765971,-0.008,1.07
2015-05,2015,5,pre_monsoon,29.51645196767792,30.29341345078272,0.2672318925245164,0.1943796559024525,635,11.219081272084804,-0.3746669639354323,0.2480094293071602,-0.0932794556150646,-0.5731117126602766,-0.108883625969356,0.24,1.1
2015-06,2015,6,sw_monsoon,29.641453254837685,28.76164300914312,0.3199142960492372,0.1796778976917266,1647,29.098939929328623,-0.1116340909059907,0.5909319535315021,-0.0850170256702673,-0.4949663521116719,-0.0384064123930749,0.296,1.23
2015-07,2015,7,sw_monsoon,29.358708307015107,25.29182663223868,3.401316664173617,4.345746994018555,88,1.5547703180212016,0.0516461089462652,-0.008169596825045,2.689668819350997,0.5316470668345673,0.7655771710621765,0.225,1.35
2015-08,2015,8,sw_monsoon,29.04377016302941,21.84466551709624,0.5996110949833069,0.5657509740594401,1811,31.996466431095406,-0.0178913380379661,-0.8495317462174761,-0.0868463581648197,-0.2221303397239467,-0.0118655516123011,0.568,1.49
2015-09,2015,9,sw_monsoon,29.341613186118064,20.85405797496312,0.5202181373006971,0.2792833866870889,3704,65.44169611307422,-0.0356827587528876,-0.688324703515395,-0.0427201759641314,-0.2838145102864475,-0.0221622639616585,0.294,1.67
2015-10,2015,10,post_monsoon,29.426839875564525,21.865813405041887,0.3856681583155421,0.1793429076386604,4533,80.08833922261485,-0.0644757257908779,0.0833557408534666,-0.1675316075821477,-0.4137862160437398,-0.1464528225607319,0.482,1.91
2015-11,2015,11,post_monsoon,27.786724172632923,23.970371569796463,0.4620208961821651,0.2016552177509933,5062,89.43462897526501,-0.3280620722137932,-0.3011650950002575,-0.1075050931249022,-0.3353383818218381,-0.0819173616057683,0.347,2.21
2015-12,2015,12,winter,26.34513650478736,25.839343753693843,0.408925799173388,0.1993351355135293,1597,28.21554770318021,0.4215621177724671,-0.1895585438135398,-0.1828697671871989,-0.3883554888949474,-0.1501310514187647,0.272,2.13
2016-01,2016,1,winter,24.74577373581946,27.02005032841004,0.6085825088717224,0.2746529266295123,4854,85.75971731448763,0.2645856103951338,-0.4990940425624153,0.0231785771910399,-0.2156805337551338,0.0297185552746602,0.265,2.13
2016-02,2016,2,winter,26.086520775021786,27.795598990594424,0.3568137886176999,0.1743076765855918,3420,60.42402826855123,1.1467370439811653,-0.6695578487583198,-0.17528705088707,-0.4475583712105078,-0.1684726871220835,-0.11,1.87
2016-03,2016,3,pre_monsoon,28.130781234782948,28.08562519486475,0.4308880484131069,0.2214602293391747,2002,35.371024734982335,1.0915105807002732,-1.1408013510627164,-0.0267533232016607,-0.365635551816069,-0.0016103787715715,-0.008,1.5
2016-04,2016,4,pre_monsoon,28.98465525892063,29.840740999054137,0.3773407332817793,0.200095773829479,460,8.12720848056537,0.1526525198566801,-0.324096981878899,-0.0151948351438722,-0.423266310927664,0.0096591351287436,0.146,1.08
2016-05,2016,5,pre_monsoon,30.120878477835635,30.20619126869947,0.3007468023878162,0.2027332923800517,3057,54.01060070671379,0.229759546222283,0.1607872472239115,-0.0597645457517648,-0.5217989814867351,-0.0575708947958145,-0.113,0.63
2016-06,2016,6,sw_monsoon,29.601200825210626,28.26834660573596,0.3292740426821741,0.1520595637095687,3624,64.02826855123675,-0.1518865205330506,0.0976355501243446,-0.0756572790373305,-0.4824425042234891,-0.0258825645048921,-0.443,0.37
2016-07,2016,7,sw_monsoon,29.33118850223855,25.788411887071707,0.4900544576646308,0.2175462444349622,2471,43.657243816254415,0.0241263041697088,0.4884156580079803,-0.2215933871579895,-0.3097556559937331,-0.0758255517661239,-0.757,0.01
2016-08,2016,8,sw_monsoon,29.413512527025503,23.49203941721484,0.3575601996314687,0.1944943663662792,1712,30.24734982332156,0.3518510259581262,0.7978421539011222,-0.3288972535166579,-0.4466508289208755,-0.2363860408092299,-0.443,-0.1
2016-09,2016,9,sw_monsoon,29.668789901952337,22.03579208628277,0.4081740180918735,0.1828210464501723,3768,66.57243816254417,0.2914939570813857,0.4934094078042541,-0.154764295172955,-0.389154643320219,-0.12750239699543,-0.437,-0.21
2016-10,2016,10,post_monsoon,29.41835526443933,22.765467913438304,0.4308700787787064,0.1657973020029937,4765,84.18727915194346,-0.072960336916072,0.9830102492498832,-0.1223296871189834,-0.3656536638890901,-0.0983202704060822,-0.371,-0.39
2016-11,2016,11,post_monsoon,27.841334893182665,25.866523288583387,0.4239145173887899,0.2101467081375669,4945,87.36749116607774,-0.2734513516640504,1.5949866237866672,-0.1456114719182774,-0.3727217103157508,-0.119300690099681,-0.382,-0.37
2016-12,2016,12,winter,26.336294983346463,26.89975697915693,0.4682594099957011,0.2105108500998596,4948,87.42049469964664,0.412720596331571,0.870854681649547,-0.1235361563648858,-0.329513486417979,-0.0912890489417963,-0.31,-0.17
2017-01,2017,1,winter,25.06689693168572,28.23769571214272,0.666519200941948,0.2994535441347627,5254,92.82685512367492,0.585708806261394,0.7185513411702651,0.0811152692612656,-0.1761873350077782,0.0692117540220159,-0.086,-0.23
2017-02,2017,2,winter,25.230509613251847,28.982871598048604,0.5815031607909059,0.2717115066941066,5167,91.28975265017668,0.2907258822112268,0.5177147586958597,0.0494023212861358,-0.2354479202987001,0.043637763789724,0.101,0.22
2017-03,2017,3,pre_monsoon,26.74348685107533,29.710137315584632,0.3034674716722311,0.171277139802184,3851,68.03886925795052,-0.2957838030073461,0.483710769657165,-0.1541738999425365,-0.5178878536178838,-0.1538626805733863,0.357,0.18
2017-04,2017,4,pre_monsoon,28.30327648149744,30.479605251531567,0.5204180462510214,0.3907824423641184,1272,22.473498233215548,-0.5287262575665075,0.31476727059853,0.1278824778253698,-0.2836476520578962,0.1492777939985113,0.498,0.35
2017-05,2017,5,pre_monsoon,29.99017028490496,30.05550415736644,0.4522167977512603,0.2816970810866783,791,13.975265017667846,0.0990513532916068,0.0101001358908803,0.0917054496116792,-0.3446533096704728,0.1195747770204477,0.536,0.4
2017-06,2017,6,sw_monsoon,29.58858923488313,28.28933374820821,0.2481897489441001,0.1941556263949075,304,5.371024734982332,-0.1644981108605456,0.1186226925965954,-0.1567415727754045,-0.6052161602625525,-0.1486562205439556,0.424,0.45
2017-07,2017,7,sw_monsoon,28.997147173071628,25.50070533240362,0.7542559736717179,0.719896343489902,1026,18.12720848056537,-0.3099150249972133,0.2007091033398929,0.0426081288490975,-0.122481241547551,0.1114488626800581,0.52,0.38
2017-08,2017,8,sw_monsoon,29.419874493228683,22.76503295601254,0.4258506623542075,0.2941029919690991,2383,42.102473498233216,0.358212992161306,0.0708356926988251,-0.2606067907939192,-0.3707426729304877,-0.1604778848188421,0.349,0.05
2017-09,2017,9,sw_monsoon,29.70862001495157,21.35268754826348,0.5549631726982182,0.2761398901392112,3516,62.120141342756185,0.331324070080619,-0.1896951302150356,-0.0079751405666104,-0.2557358356604086,0.0059164106643803,0.035,-0.2
2017-10,2017,10,post_monsoon,29.56583614834315,22.13656545817665,0.4595329421380545,0.2009688327368567,4796,84.73498233215547,0.0745205469877454,0.3541077939882306,-0.0936668237596352,-0.3376833502713956,-0.0703499567883877,0.015,-0.12
2017-11,2017,11,post_monsoon,28.213865098191448,25.159820339276475,0.4552245878505738,0.1619372328642825,4888,86.36042402826855,0.0990788533447322,0.8882836744797551,-0.1143014014564935,-0.3417742886177352,-0.0883532684016654,0.289,-0.44
2017-12,2017,12,winter,25.87332589465836,26.55085921770493,0.6109164008824705,0.3020288269041633,5051,89.24028268551237,-0.0502484923565305,0.521956920197546,0.0191208345218835,-0.2140182154848776,0.024206221991305,0.11,-0.65
2018-01,2018,1,winter,24.39282819443325,27.89107122538489,0.4343039592396403,0.2147448926297682,4494,79.39929328621909,-0.0883599309910749,0.3719268544124361,-0.151099972441042,-0.3622062114664822,-0.116807122436688,-0.2,-0.64
2018-02,2018,2,winter,24.933817204963606,28.445332719294143,0.4714751885348707,0.2133398368924565,4709,83.19787985865725,-0.0059665260770138,-0.0198241200586011,-0.0606256509698993,-0.3265411571491755,-0.0474554730607512,0.216,-0.48
2018-03,2018,3,pre_monsoon,27.33146211701726,29.09176099670933,0.3568644612692331,0.1609718717156704,2200,38.869257950530034,0.2921914629345856,-0.1346655492181376,-0.1007769103455346,-0.4474966995735068,-0.0834715265290094,-0.12,-0.49
2018-04,2018,4,pre_monsoon,28.743730677995337,30.12790466852654,0.2044633905370246,0.1640050722868886,2413,42.63250883392226,-0.0882720610686114,-0.0369333124064965,-0.1880721778886269,-0.6893844417449809,-0.2564589956885733,-0.083,-0.11
2018-05,2018,5,pre_monsoon,29.46622018848971,30.1342058177224,0.1759890984710971,0.1616059274615834,2439,43.09187279151944,-0.4248987431236415,0.088801796246841,-0.1845222496684839,-0.7545142334385815,-0.2902861467476609,0.122,0.18
2018-06,2018,6,sw_monsoon,29.69271438943041,28.01004441470329,0.3444386069331764,0.1503969214423639,1800,31.802120141342755,-0.060372956313266,-0.1606666409083246,-0.0604927147863281,-0.4628881759223854,-0.0063282362037885,0.155,0.31
2018-07,2018,7,sw_monsoon,29.19387459896545,25.43546327562889,0.4705567310200053,0.2636725132058306,425,7.508833922261485,-0.1131875991033872,0.1354670465651644,-0.241091113802615,-0.3273880098909512,-0.093457905663342,0.053,0.39
2018-08,2018,8,sw_monsoon,28.91290083281625,23.773715994516927,0.217214062669093,0.1796935888749961,1409,24.89399293286219,-0.1487606682511284,1.079518731203212,-0.4692433904790336,-0.6631120614870312,-0.4528472733753856,0.121,0.35
2018-09,2018,9,sw_monsoon,29.15437420569884,22.569153227249085,0.3448981470547889,0.2109878060544945,4049,71.53710247349824,-0.2229217391721114,1.0267705487705712,-0.2180401662100396,-0.4623091388481561,-0.2006568925233671,0.604,0.5
2018-10,2018,10,post_monsoon,29.08465691894168,22.394386447735524,0.6463817905489428,0.3072186069728776,3589,63.40989399293287,-0.4066586824137239,0.6119287835471034,0.093182024651253,-0.1895108867252784,0.0778225067577294,0.684,1.01
2018-11,2018,11,post_monsoon,27.39919115702004,24.1654016602424,0.4965258100374945,0.2313274490948375,5092,89.96466431095406,-0.7155950878266744,-0.1061350045543214,-0.0730001792695728,-0.3040581714072234,-0.0506371511911536,0.5,1.15
2018-12,2018,12,winter,25.42113737294197,25.866485477805664,0.5523848854371278,0.302062565176125,4687,82.80918727915194,-0.5024370140729211,-0.1624168197017184,-0.0394106809234591,-0.2577582132596927,-0.01953377578351,0.309,1.1
2019-01,2019,1,winter,24.39761041145519,27.463010920686767,0.6384746443440579,0.2748472767847555,5179,91.5017667844523,-0.0835777139691344,-0.0561334502856887,0.0530707126633754,-0.1948563451352774,0.0505427438945167,0.387,0.88
2019-02,2019,2,winter,24.78385039155404,28.91788328415914,0.6219993477812273,0.3026536500082811,5093,89.98233215547702,-0.1559333394865802,0.4527264448063945,0.0898985082764572,-0.2062100707033331,0.0728756133850911,0.416,0.87
2019-03,2019,3,pre_monsoon,26.65765934949623,29.376811386467576,0.3819584495643019,0.2327864265440064,3265,57.68551236749117,-0.3816113045864426,0.1503848405401093,-0.0756829220504657,-0.4179838782045389,-0.0539587051600414,0.225,0.92
2019-04,2019,4,pre_monsoon,28.76387547801837,30.01201398819494,0.3262908693037792,0.2032731006883786,4004,70.74204946996467,-0.0681272610455785,-0.1528239927380958,-0.0662446991218723,-0.4863950790361114,-0.0534696329797037,0.258,0.82
2019-05,2019,5,pre_monsoon,29.831906934941284,30.34442989664763,0.2100306113846605,0.1786813317228897,1345,23.763250883392224,-0.0592119966720687,0.2990258751720702,-0.1504807367549205,-0.6777174034251925,-0.2134893167342719,0.54,0.83
2019-06,2019,6,sw_monsoon,29.9830050677133,28.99667659033998,0.3171574503522569,0.136026291227778,2442,43.14487632508834,0.229917721969624,0.8259655347283648,-0.0877738713672476,-0.4987250821259883,-0.0421651424073913,0.605,0.8
2019-07,2019,7,sw_monsoon,29.502204145716405,25.50196020371458,0.3917112373971678,0.1609218585436863,1589,28.074204946996467,0.1951419476475635,0.2019639746508552,-0.3199366074254525,-0.4070339692497426,-0.1731038650221334,0.597,0.65
2019-08,2019,8,sw_monsoon,29.073144187398963,22.60683599687473,0.6381353745023828,0.5928834866183673,1693,29.91166077738516,0.0114826863315862,-0.087361266438986,-0.0483220786457438,-0.1950871799578298,0.0151776081538157,0.436,0.35
2019-09,2019,9,sw_monsoon,29.231959257022904,21.387393466409232,0.6045590257206737,0.3330407741010235,3528,62.332155477031804,-0.1453366878480473,-0.1549892120692817,0.041620712455845,-0.2185612906785901,0.0430909556461988,0.892,0.18
2019-10,2019,10,post_monsoon,29.765428533069187,19.07735033119245,0.9393157055699232,1.114068107562964,4730,83.56890459363959,0.274112931713784,-2.705107332995972,0.3861159396722334,-0.0271884161012701,0.2401449773817377,0.964,0.78
2019-11,2019,11,post_monsoon,28.25152239138561,23.040279117616222,0.6998344111621471,0.4020688750667186,5091,89.9469964664311,0.1367361465388938,-1.2312575471804976,0.1303084218550797,-0.1550047068796704,0.0984163133363993,0.835,0.82
2019-12,2019,12,winter,25.696006753240976,24.88489946039243,0.8104129244004579,0.4292260786972564,5151,91.0070671378092,-0.2275676337739156,-1.1440028371149538,0.2186173580398709,-0.0912936414989078,0.1469307959772748,0.243,0.73
2020-01,2020,1,winter,23.843990860725206,26.99355154833352,1.0507946137121964,0.6053166902445414,5000,88.33922261484098,-0.6371972646991182,-0.5255928226389344,0.465390682031514,0.0215178379615142,0.2669169269913083,0.173,0.84
2020-02,2020,2,winter,24.158081801741268,28.67698354571508,0.7666873496566893,0.3449897820069064,4810,84.98233215547704,-0.7817019292993521,0.2118267063623342,0.2345865101519192,-0.1153817025447555,0.1637039815436686,0.054,0.67
2020-03,2020,3,pre_monsoon,26.640387608762808,29.560983719422698,0.5905838257369608,0.2968231695174837,4701,83.0565371024735,-0.3988830453198666,0.3345571734952308,0.132942454122193,-0.2287184511897248,0.1353067218547726,0.019,0.65
2020-04,2020,4,pre_monsoon,29.15035640760228,30.61932391112132,0.4752687905869082,0.3014413200710432,3868,68.33922261484099,0.3183536685383288,0.4544859301882837,0.0827332221612566,-0.3230607035274723,0.1098647425289353,-0.011,0.66
2020-05,2020,5,pre_monsoon,29.907445580341875,30.255692898501845,0.5441573582403622,0.3026194081310692,4094,72.3321554770318,0.0163266487285227,0.2102888770262865,0.183646010100781,-0.2642754938067114,0.1999525928842092,0.298,0.05
2020-06,2020,6,sw_monsoon,30.06475800051757,28.26571119910412,0.4261602124778708,0.1507536718042948,1863,32.91519434628975,0.311670654773895,0.0950001434925056,0.0212288907583662,-0.3704270996896623,0.0861328400289346,0.455,-0.05
2020-07,2020,7,sw_monsoon,29.97723631891326,24.49702315523868,1.3594948447412634,1.779189229210827,1338,23.63957597173145,0.6701741208444183,-0.8029730738250471,0.647846999918643,0.1333775650646244,0.3673076692922336,0.319,0.08
2020-08,2020,8,sw_monsoon,29.50727693018312,23.07849035445573,0.8689566282658635,1.4466025170191288,943,16.66077738515901,0.4456154291157403,0.3842930911420197,0.1824991751177368,-0.0610018997019389,0.1492628884097066,-0.183,-0.29
2020-09,2020,9,sw_monsoon,30.05070461341614,19.37820580724663,0.6389374191118842,0.4231404204136747,2660,46.996466431095406,0.6734086685451892,-2.1641768712318843,0.0759991058470556,-0.1945416768421352,0.0671105694826537,-0.189,-0.66
2020-10,2020,10,post_monsoon,29.85349185270311,21.01662989460932,0.5509493274948314,0.2863686139933222,4596,81.20141342756185,0.3621762513477087,-0.7658277695791007,-0.0022504384028584,-0.258888342711489,0.0084450507715189,0.074,-0.9
2020-11,2020,11,post_monsoon,28.45302461255357,23.352979553665666,0.5207696693377332,0.2199528676297609,5009,88.4982332155477,0.3382383677068539,-0.9185571111310544,-0.0487563199693341,-0.2833543178785013,-0.0299332976624315,0.02,-0.89
2020-12,2020,12,winter,25.71141847972777,24.714437134186447,0.5925647072824636,0.2465724665040247,4914,86.81978798586573,-0.2121559072871228,-1.3144651633209357,0.0007691409218766,-0.2272642183451909,0.0109602191309917,0.031,-1.02
2021-01,2021,1,winter,24.43708442664236,26.09846332576988,0.5480678452905994,0.278156683895642,5065,89.48763250883393,-0.0441036987819671,-1.4206810452025778,-0.037336086390083,-0.2611656768960506,-0.0157665878662565,0.051,-1.12
2021-02,2021,2,winter,24.57679919994825,27.78113078307104,0.4861512706265083,0.2798881779288681,4815,85.07067137809187,-0.3629845310923691,-0.6840260562817058,-0.0459495688782616,-0.3132285748193185,-0.0341428907308942,0.243,-1.0
2021-03,2021,3,pre_monsoon,27.24370645662148,29.00605554631295,0.1919909426043557,0.1486158373403002,1392,24.59363957597173,0.2044358025388071,-0.2203709996145164,-0.2656504290104119,-0.716719259159642,-0.3526940861151445,0.267,-0.64
2021-04,2021,4,pre_monsoon,28.96235351073925,29.818670029270503,0.2371805769225081,0.1424356155591751,708,12.508833922261484,0.1303507716752996,-0.3461679516625331,-0.1553549915031433,-0.624920878886013,-0.1919954328296053,0.25,-0.47
2021-05,2021,5,pre_monsoon,30.67953917547576,30.092900242014487,0.3487332839025,0.2149401433422889,4482,79.18727915194347,0.7884202438624079,0.0474962205389282,-0.011778064237081,-0.4575066005868564,0.0067214861040642,0.009,-0.25
2021-06,2021,6,sw_monsoon,29.776751631731774,28.18569791718357,0.1884784149175786,0.1526477876997704,257,4.540636042402827,0.0236642859880973,0.014986861571959,-0.2164529068019259,-0.7247383792457279,-0.268178439527131,-0.002,-0.03
2021-07,2021,7,sw_monsoon,29.6532927614829,24.648230282331472,,,0,0.0,0.346230563414057,-0.6517659467322545,,,,-0.229,-0.18
2021-08,2021,8,sw_monsoon,29.604157855268586,20.99880049756536,0.8801920547865402,0.7729549884796143,404,7.137809187279152,0.5424963542012087,-1.695396765748356,0.1937346016384135,-0.0554225559934061,0.1548422321182394,-0.099,-0.36
2021-09,2021,9,sw_monsoon,29.68528336783692,21.23679565622028,0.397391614343472,0.215329280363308,3568,63.03886925795052,0.3079874229659651,-0.3055870222582371,-0.1655466989213566,-0.4007813015009435,-0.1391290551761546,-0.058,-0.49
2021-10,2021,10,post_monsoon,29.851466123884546,19.937565465223123,0.6361706814741831,0.4033314251560277,4896,86.5017667844523,0.3601505225291426,-1.844892198965297,0.0829709155764932,-0.1964263496382413,0.0709070438447665,-0.091,-0.74
2021-11,2021,11,post_monsoon,28.27115344029444,23.44169972751191,,,0,0.0,0.156367195447725,-0.82983693728481,,,,0.069,-0.69
2021-12,2021,12,winter,26.22722230879034,25.435341346401383,0.5825852184818769,0.3118783586108344,5072,89.6113074204947,0.3036479217754468,-0.5935609511059994,-0.00921034787871,-0.234640538611876,0.0035838988643066,-0.12,-0.89
2022-01,2022,1,winter,24.529839120103063,26.695716839857653,0.5146223772301479,0.2751355007320841,4907,86.69611307420494,0.0486509946787379,-0.8234275311148025,-0.0707815544505344,-0.2885113333680337,-0.0431122443382396,-0.056,-0.56
2022-02,2022,2,winter,24.47424132943525,28.5252958897131,0.5756081733293245,0.2976340850193491,4988,88.12720848056537,-0.4655424016053686,0.0601390503603553,0.0435073338245544,-0.2398730479414386,0.0392126361469856,-0.082,-0.55
2022-03,2022,3,pre_monsoon,26.95088013345093,28.650592161914027,0.6271324013307255,0.303109189963398,5038,89.01060070671379,-0.0883905206317443,-0.5758343840134401,0.1694910297159577,-0.2026407604499405,0.1613844125945569,-0.093,-0.67
2022-04,2022,4,pre_monsoon,29.1447896144225,29.6868839074908,,,0,0.0,0.312786875358551,-0.4779540734422376,,,,-0.068,-0.74
2022-05,2022,5,pre_monsoon,30.15666295428553,29.537549459974827,0.5055140888512643,0.3086517742947459,3054,53.95759717314488,0.2655440226721772,-0.5078545615007322,0.1450027407116831,-0.2962667359679468,0.1679613507229738,-0.122,-0.78
2022-06,2022,6,sw_monsoon,29.9558494853216,27.21979524297823,1.182954363692708,2.517620431052314,1091,19.275618374558302,0.2027621395779242,-0.9509158126333864,0.7780230419732035,0.0729679906306953,0.5295279303492922,-0.335,-0.52
2022-07,2022,7,sw_monsoon,29.80287412732377,24.65767151967181,0.4482910179391374,0.2098978276810389,4085,72.1731448763251,0.495811929254927,-0.6423247093919144,-0.2633568268834829,-0.3484399626701165,-0.1145098584425073,-0.195,-0.5
2022-08,2022,8,sw_monsoon,29.956323831399946,22.944204866736023,0.4480418007942094,0.1799386869504946,4551,80.40636042402826,0.8946623303325687,0.2500076034223077,-0.2384156523539172,-0.3486814658960721,-0.1384166777844265,-0.246,-0.8
2022-09,2022,9,sw_monsoon,29.99911895109116,20.88173009324343,0.4850126278841652,0.1972807041731666,4566,80.6713780918728,0.6218230062202075,-0.6606525852350842,-0.0779256853806633,-0.3142469538739913,-0.0525947075492023,-0.322,-0.93
2022-10,2022,10,post_monsoon,29.89424394726517,22.905086460245943,0.4453116942629677,0.1594684459867225,4933,87.15547703180212,0.4029283459097676,1.1226287960575227,-0.107888071634722,-0.3513358997774004,-0.0840025062943924,-0.691,-0.83
2022-11,2022,11,post_monsoon,28.16922136202883,24.25957936896845,0.7564786528912677,0.2993040641533552,5192,91.73144876325088,0.0544351171821126,-0.0119572958282709,0.1869526635842003,-0.1212033228454663,0.1322176973706034,-0.269,-0.74
2022-12,2022,12,winter,26.164764248726296,25.88483012794088,0.707826695799703,0.2975256154789948,5266,93.03886925795052,0.2411898617114047,-0.1440721695665026,0.116031129439116,-0.1500730619021398,0.0881513755740428,-0.091,-0.63
2023-01,2023,1,winter,24.867355251917875,27.19437496992438,0.5388835478574147,0.2670826133796962,4816,85.08833922261483,0.3861671264935502,-0.3247694010480764,-0.0465203838232677,-0.2685050752345719,-0.0231059862047778,0.11,-0.57
2023-02,2023,2,winter,25.324686633559693,28.00106419513656,0.610128405075901,0.2719104138137876,4919,86.90812720848056,0.3849029025190731,-0.4640926442161834,0.078027565571131,-0.2145787555672638,0.0645069285211604,0.157,-0.47
2023-03,2023,3,pre_monsoon,27.29599076750988,28.741320609976764,0.511157234510142,0.2957121130943532,4831,85.35335689045937,0.2567201134272032,-0.4851059359507026,0.0535158628953742,-0.2914454881696449,0.0725796848748525,0.414,-0.08
2023-04,2023,4,pre_monsoon,29.66418151758247,29.861440962662755,0.4643694906310692,0.2085392486504186,3101,54.78798586572439,0.8321787785185215,-0.3033970182702816,0.0718339222054176,-0.3331363214180284,0.0997891246383792,0.56,0.25
2023-05,2023,5,pre_monsoon,30.154266882406784,29.77496220894954,0.3026544446461696,0.2215754422205023,2838,50.14134275618375,0.2631479507934315,-0.2704418125260197,-0.0578569034934114,-0.5190529438524311,-0.0548248571615104,0.443,0.49
2023-06,2023,6,sw_monsoon,30.081453585497023,27.92639919145484,0.3759506416551556,0.3585131400161319,94,1.6607773851590106,0.3283662397533469,-0.2443118641567778,-0.0289806800643489,-0.4248691696039986,0.0316907701145983,0.665,0.86
2023-07,2023,7,sw_monsoon,29.769905205588486,26.13058334279054,0.3100705102725342,0.1555822998204932,4104,72.50883392226149,0.4628430075196448,0.8305871137268142,-0.4015773345500861,-0.508539536035867,-0.2746094318082578,0.498,0.97
2023-08,2023,8,sw_monsoon,29.406223207552948,23.14251398513452,1.0229999083566277,0.9339845977776196,1250,22.084805653710244,0.344561706485571,0.4483167218208059,0.3365424552085008,0.0098755948067713,0.2201403829184169,0.826,1.2
2023-09,2023,9,sw_monsoon,30.04378510739241,22.46386157514472,0.5937315423973574,0.2109914648673868,4013,70.90106007067138,0.666489162521458,0.9214788966662047,0.0307932291325288,-0.2264098782674132,0.0352423680573757,0.946,1.41
2023-10,2023,10,post_monsoon,29.750302330661167,21.3247540324604,0.7293609871126018,0.425913770112464,4540,80.21201413427562,0.2589867293057644,-0.4577036317280196,0.1761612212149119,-0.1370574704366157,0.1302759230463921,0.804,1.51
2023-11,2023,11,post_monsoon,28.618971627993915,22.747561933112475,0.8725590649418881,0.5934605989803723,5174,91.41342756183744,0.504185383147199,-1.523974731684245,0.3030330756348207,-0.0592051652740915,0.1942158549419781,0.92,1.86
2023-12,2023,12,winter,25.95802583872915,24.450156307775124,1.0027710200037,0.6939139869588434,4876,86.14840989399293,0.0344514517142577,-1.5787459897322584,0.4109754536431129,0.001201774394334,0.2394262118705167,0.852,1.76
2024-01,2024,1,winter,24.12354503412796,26.669010991543097,0.8005383874770101,0.3288345589865041,4639,81.96113074204948,-0.3576430912963673,-0.8501333794293586,0.2151344557963277,-0.0966178379236727,0.1487812511061214,0.765,1.64
2024-02,2024,2,winter,24.52104227580854,28.13939620073404,0.5575704446900736,0.3273673315578967,4588,81.0600706713781,-0.4187414552320803,-0.3257606386187071,0.0254696051853035,-0.2537002550825706,0.0253854290058536,0.327,1.39
2024-03,2024,3,pre_monsoon,26.72986322391432,29.519636936783485,0.5059757961663087,0.204565429011353,4734,83.63957597173145,-0.3094074301683527,0.2932103908560179,0.048334424551541,-0.2958702575531357,0.0681549154913617,0.421,1.04
2024-04,2024,4,pre_monsoon,29.74740719255872,30.386239525316423,0.8321163665434385,1.0452789068222046,22,0.3886925795053004,0.9154044534947694,0.2214015443833865,0.4395807981177869,-0.0798159359522394,0.3531095101041681,0.44,0.98
2024-05,2024,5,pre_monsoon,30.572088600462457,29.9964697796577,0.4291309964558273,0.2180605203827268,4960,87.63250883392226,0.6809696688491051,-0.0489342418178573,0.0686196483162462,-0.367410114916076,0.0968179717748445,0.298,0.5
2024-06,2024,6,sw_monsoon,30.10424403375601,28.02345108588552,0.9392311349173704,1.1137633068220956,758,13.392226148409897,0.3511566880123347,-0.1472599697260967,0.534299813197866,-0.027227519270771,0.4293324204478259,0.197,0.37
2024-07,2024,7,sw_monsoon,29.65898063486588,25.33310291280817,0.4182703169160622,0.2083131057678105,2308,40.7773851590106,0.3519184367970354,0.0331066837444424,-0.2933775279065581,-0.3785429545849672,-0.144612850357358,0.033,0.4
2024-08,2024,8,sw_monsoon,28.97705922372512,21.38138641639299,1.241139862530565,0.9376882721696934,3137,55.42402826855124,-0.0846022773422561,-1.3128108469207262,0.5546824093824383,0.0938207243695411,0.3040855124811866,0.267,0.19
2024-09,2024,9,sw_monsoon,29.80236228039911,21.72702881762281,0.6002511134605816,0.3419337401664182,4503,79.5583038869258,0.4250663355281574,0.184646139144295,0.037312800195753,-0.2216670256577107,0.0399852206670781,0.115,-0.1
2024-10,2024,10,post_monsoon,29.804158488298025,22.24700882577767,0.5338025467381785,0.1819662445421046,4845,85.60070671378092,0.3128428869426223,0.4645511615892488,-0.0193972191595113,-0.2726193585520717,-0.0052859650690638,-0.196,-0.01
2024-11,2024,11,post_monsoon,28.620114638143708,24.686605022555508,0.6198320452444858,0.290301406234971,5198,91.83745583038868,0.5053283932969919,0.4150683577587877,0.0503060559374184,-0.2077259745422187,0.045695045673851,-0.382,-0.03
2024-12,2024,12,winter,26.33576118653361,25.55945498151468,0.6655593344819365,0.2677970423407856,5207,91.9964664310954,0.412186799518718,-0.4694473159927028,0.0737637681213495,-0.1768132211969349,0.0614112162792477,-0.331,-0.52
2025-01,2025,1,winter,24.670611460939064,26.416017808469235,0.5678257798630808,0.2611849915832432,5137,90.75971731448765,0.1894233355147392,-1.1031265625032205,-0.0175781518176015,-0.2457848939550712,-0.000385804925277,-0.196,-0.64
2025-02,2025,2,winter,25.931754483925047,27.11824477686921,0.5371053411249535,0.2768937668640595,4962,87.6678445229682,0.991970752884427,-1.346912062483533,0.0050045016201833,-0.2699405288578629,0.0091451552305613,0.017,-0.42
2025-03,2025,3,pre_monsoon,27.546109992681888,28.86092229410124,0.3839183059658638,0.2210626897045836,4163,73.55123674911661,0.5068393385992138,-0.365504251826227,-0.0737230656489038,-0.4157611793897125,-0.051736006345215,0.058,0.04
2025-04,2025,4,pre_monsoon,29.247634930561585,29.92702247846812,0.2972910072436717,0.1985263585176211,4134,73.03886925795054,0.4156321914976359,-0.2378155024649189,-0.0952445611819798,-0.526818227571109,-0.0938927815147013,0.149,-0.05
2025-05,2025,5,pre_monsoon,30.52314293525292,29.53777526816929,0.4207570559708061,0.209868978842922,4917,86.87279151943463,0.6320240036395681,-0.5076287533062676,0.060245707831225,-0.3759685923016546,0.088259494389266,0.107,0.07
2025-06,2025,6,sw_monsoon,29.99746548923203,26.79291511175012,0.6412956158347554,0.2978557385642771,2646,46.74911660777385,0.2443781434883547,-1.3777959438614964,0.2363642941152507,-0.1929417290914648,0.2636182106271321,-0.014,0.15
2025-07,2025,7,sw_monsoon,29.547165593531147,23.28438731070036,0.4842911812343423,0.3493870304413045,3170,56.00706713780919,0.2401033954623059,-2.0156089183633696,-0.227356663588278,-0.3148934392254677,-0.0809633349978585,-0.072,0.14
2025-08,2025,8,sw_monsoon,29.68133433551394,21.75873534009059,0.558080171409017,0.2941616432187655,4285,75.70671378091873,0.6196728344465647,-0.9354619232231264,-0.1283772817391096,-0.2533034076941053,-0.0430386195824598,-0.42,-0.15
2025-09,2025,9,sw_monsoon,29.926233050116444,21.600023629470595,0.5483883555379074,0.2843703259046528,4669,82.49116607773853,0.5489371052454928,0.0576409509920807,-0.0145499577269211,-0.2609117755807791,0.0007404707440098,-0.467,-0.32
2025-10,2025,10,post_monsoon,29.98920078300869,22.045121449559108,0.5744737040095115,0.1861920885510564,4974,87.87985865724382,0.4978851816532881,0.2626637853706874,0.0212739381118216,-0.2407298459399011,0.0266035475431067,-0.448,-0.42
2025-11,2025,11,post_monsoon,28.27828976537564,23.95332448692925,0.7430579064576855,0.2714143674977359,5158,91.13074204946996,0.1635035205289234,-0.3182121778674691,0.1735319171506182,-0.1289773403779103,0.1244436798381594,-0.256,-0.54
2025-12,2025,12,winter,25.555264515850787,25.14589636209095,,,0,0.0,-0.3683098711641044,-0.8830059354164312,,,,-0.017,-0.39
