date,year,month,season,sss_PSU
2005-01,2005,1,winter,27.672427650805574
2005-02,2005,2,winter,28.487082293618375
2005-03,2005,3,pre_monsoon,29.826245742598225
2005-04,2005,4,pre_monsoon,30.424614199986117
2005-05,2005,5,pre_monsoon,30.072742910443086
2005-06,2005,6,sw_monsoon,28.881007687686232
2005-07,2005,7,sw_monsoon,26.092569402394293
2005-08,2005,8,sw_monsoon,22.135252798243346
2005-09,2005,9,sw_monsoon,22.01352719476281
2005-10,2005,10,post_monsoon,22.70925410501129
2005-11,2005,11,post_monsoon,24.538761708502218
2005-12,2005,12,winter,26.32778465203201
2006-01,2006,1,winter,27.79671188137703
2006-02,2006,2,winter,28.47029172005283
2006-03,2006,3,pre_monsoon,29.10519442798988
2006-04,2006,4,pre_monsoon,30.213542312280406
2006-05,2006,5,pre_monsoon,29.53426874825185
2006-06,2006,6,sw_monsoon,28.01469455935141
2006-07,2006,7,sw_monsoon,25.344707212005908
2006-08,2006,8,sw_monsoon,23.61606818816909
2006-09,2006,9,sw_monsoon,21.732709586967754
2006-10,2006,10,post_monsoon,22.346003361203188
2006-11,2006,11,post_monsoon,24.678262445332663
2006-12,2006,12,winter,26.734466747050057
2007-01,2007,1,winter,28.126301670192227
2007-02,2007,2,winter,28.646612682584866
2007-03,2007,3,pre_monsoon,29.592913860308474
2007-04,2007,4,pre_monsoon,30.643511207508862
2007-05,2007,5,pre_monsoon,29.693947127139342
2007-06,2007,6,sw_monsoon,28.064209968809188
2007-07,2007,7,sw_monsoon,24.725833913135766
2007-08,2007,8,sw_monsoon,22.90949254810601
2007-09,2007,9,sw_monsoon,21.50215287313834
2007-10,2007,10,post_monsoon,20.31552445366884
2007-11,2007,11,post_monsoon,24.466097909993827
2007-12,2007,12,winter,26.937398140717455
2008-01,2008,1,winter,28.04633609129414
2008-02,2008,2,winter,29.19058090777937
2008-03,2008,3,pre_monsoon,29.034234237079776
2008-04,2008,4,pre_monsoon,29.71673075007127
2008-05,2008,5,pre_monsoon,29.433708280423822
2008-06,2008,6,sw_monsoon,27.857763766673745
2008-07,2008,7,sw_monsoon,25.265881916043572
2008-08,2008,8,sw_monsoon,23.886257999918357
2008-09,2008,9,sw_monsoon,21.728800211231665
2008-10,2008,10,post_monsoon,22.993162558037593
2008-11,2008,11,post_monsoon,25.788174366244544
2008-12,2008,12,winter,27.029342396178524
2009-01,2009,1,winter,27.8052834275674
2009-02,2009,2,winter,28.527304278162816
2009-03,2009,3,pre_monsoon,29.146452076694697
2009-04,2009,4,pre_monsoon,30.066887077241635
2009-05,2009,5,pre_monsoon,29.843280558443134
2009-06,2009,6,sw_monsoon,27.801730344575155
2009-07,2009,7,sw_monsoon,25.45360707259619
2009-08,2009,8,sw_monsoon,22.21409602593828
2009-09,2009,9,sw_monsoon,21.872903104800436
2009-10,2009,10,post_monsoon,22.202495873888424
2009-11,2009,11,post_monsoon,24.836023119653074
2009-12,2009,12,winter,27.660851787650607
2010-01,2010,1,winter,28.50366203095387
2010-02,2010,2,winter,29.084982809238813
2010-03,2010,3,pre_monsoon,30.128821744307988
2010-04,2010,4,pre_monsoon,31.2466619860848
2010-05,2010,5,pre_monsoon,31.143336028115005
2010-06,2010,6,sw_monsoon,29.5561003818811
2010-07,2010,7,sw_monsoon,26.39080256104831
2010-08,2010,8,sw_monsoon,24.507257208314233
2010-09,2010,9,sw_monsoon,23.360911484000177
2010-10,2010,10,post_monsoon,24.600241559020226
2010-11,2010,11,post_monsoon,25.929656112560966
2010-12,2010,12,winter,28.145161648796716
2011-01,2011,1,winter,29.38096084490326
2011-02,2011,2,winter,29.290167955507503
2011-03,2011,3,pre_monsoon,29.75884497157987
2011-04,2011,4,pre_monsoon,29.788821341992712
2011-05,2011,5,pre_monsoon,29.71620250849029
2011-06,2011,6,sw_monsoon,27.7325147791411
2011-07,2011,7,sw_monsoon,24.917379573766926
2011-08,2011,8,sw_monsoon,21.1696580510821
2011-09,2011,9,sw_monsoon,20.631761600578415
2011-10,2011,10,post_monsoon,20.002336894992755
2011-11,2011,11,post_monsoon,22.619341405519904
2011-12,2011,12,winter,24.893045312567782
2012-01,2012,1,winter,26.862202713059567
2012-02,2012,2,winter,27.71191890844662
2012-03,2012,3,pre_monsoon,28.497826525646474
2012-04,2012,4,pre_monsoon,29.627916658310916
2012-05,2012,5,pre_monsoon,30.32083030195199
2012-06,2012,6,sw_monsoon,28.228152929973827
2012-07,2012,7,sw_monsoon,25.170300120888864
2012-08,2012,8,sw_monsoon,21.89672817567218
2012-09,2012,9,sw_monsoon,21.244254905879686
2012-10,2012,10,post_monsoon,19.5148115809239
2012-11,2012,11,post_monsoon,21.63322355600519
2012-12,2012,12,winter,24.323562088588375
2013-01,2013,1,winter,26.774574108508286
2013-02,2013,2,winter,28.281776417653354
2013-03,2013,3,pre_monsoon,29.323947265819484
2013-04,2013,4,pre_monsoon,30.43309265306875
2013-05,2013,5,pre_monsoon,30.476490951842862
2013-06,2013,6,sw_monsoon,28.012044672024256
2013-07,2013,7,sw_monsoon,25.649290845253443
2013-08,2013,8,sw_monsoon,23.324326917155243
2013-09,2013,9,sw_monsoon,20.879706957803513
2013-10,2013,10,post_monsoon,23.249519187807394
2013-11,2013,11,post_monsoon,25.26438791513944
2013-12,2013,12,winter,26.93213009592921
2014-01,2014,1,winter,28.31839724399426
2014-02,2014,2,winter,29.013193912854025
2014-03,2014,3,pre_monsoon,29.49588642652797
2014-04,2014,4,pre_monsoon,30.229419686399986
2014-05,2014,5,pre_monsoon,30.489582587398957
2014-06,2014,6,sw_monsoon,28.69669896124101
2014-07,2014,7,sw_monsoon,26.220182338606396
2014-08,2014,8,sw_monsoon,23.132583274898707
2014-09,2014,9,sw_monsoon,21.936578446769875
2014-10,2014,10,post_monsoon,21.78251168994289
2014-11,2014,11,post_monsoon,25.304195353521113
2014-12,2014,12,winter,26.39174422948107
2015-01,2015,1,winter,27.936210457243828
2015-02,2015,2,winter,28.68057975717367
2015-03,2015,3,pre_monsoon,29.240744023786455
2015-04,2015,4,pre_monsoon,30.31055400501126
2015-05,2015,5,pre_monsoon,30.293413450782722
2015-06,2015,6,sw_monsoon,28.761643009143114
2015-07,2015,7,sw_monsoon,25.291826632238678
2015-08,2015,8,sw_monsoon,21.844665517096242
2015-09,2015,9,sw_monsoon,20.854057974963116
2015-10,2015,10,post_monsoon,21.865813405041887
2015-11,2015,11,post_monsoon,23.970371569796466
2015-12,2015,12,winter,25.839343753693843
2016-01,2016,1,winter,27.020050328410036
2016-02,2016,2,winter,27.795598990594424
2016-03,2016,3,pre_monsoon,28.08562519486475
2016-04,2016,4,pre_monsoon,29.840740999054137
2016-05,2016,5,pre_monsoon,30.20619126869947
2016-06,2016,6,sw_monsoon,28.268346605735957
2016-07,2016,7,sw_monsoon,25.788411887071707
2016-08,2016,8,sw_monsoon,23.492039417214833
2016-09,2016,9,sw_monsoon,22.035792086282772
2016-10,2016,10,post_monsoon,22.765467913438304
2016-11,2016,11,post_monsoon,25.866523288583387
2016-12,2016,12,winter,26.89975697915693
2017-01,2017,1,winter,28.23769571214272
2017-02,2017,2,winter,28.982871598048604
2017-03,2017,3,pre_monsoon,29.710137315584632
2017-04,2017,4,pre_monsoon,30.479605251531567
2017-05,2017,5,pre_monsoon,30.05550415736644
2017-06,2017,6,sw_monsoon,28.289333748208215
2017-07,2017,7,sw_monsoon,25.50070533240362
2017-08,2017,8,sw_monsoon,22.76503295601254
2017-09,2017,9,sw_monsoon,21.352687548263482
2017-10,2017,10,post_monsoon,22.13656545817665
2017-11,2017,11,post_monsoon,25.159820339276475
2017-12,2017,12,winter,26.55085921770493
2018-01,2018,1,winter,27.891071225384895
2018-02,2018,2,winter,28.445332719294143
2018-03,2018,3,pre_monsoon,29.091760996709326
2018-04,2018,4,pre_monsoon,30.12790466852654
2018-05,2018,5,pre_monsoon,30.134205817722396
2018-06,2018,6,sw_monsoon,28.01004441470329
2018-07,2018,7,sw_monsoon,25.43546327562889
2018-08,2018,8,sw_monsoon,23.773715994516927
2018-09,2018,9,sw_monsoon,22.569153227249085
2018-10,2018,10,post_monsoon,22.394386447735524
2018-11,2018,11,post_monsoon,24.1654016602424
2018-12,2018,12,winter,25.866485477805664
2019-01,2019,1,winter,27.463010920686767
2019-02,2019,2,winter,28.91788328415914
2019-03,2019,3,pre_monsoon,29.376811386467576
2019-04,2019,4,pre_monsoon,30.01201398819494
2019-05,2019,5,pre_monsoon,30.34442989664763
2019-06,2019,6,sw_monsoon,28.99667659033998
2019-07,2019,7,sw_monsoon,25.50196020371458
2019-08,2019,8,sw_monsoon,22.60683599687473
2019-09,2019,9,sw_monsoon,21.387393466409232
2019-10,2019,10,post_monsoon,19.07735033119245
2019-11,2019,11,post_monsoon,23.040279117616226
2019-12,2019,12,winter,24.88489946039243
2020-01,2020,1,winter,26.993551548333517
2020-02,2020,2,winter,28.676983545715082
2020-03,2020,3,pre_monsoon,29.560983719422698
2020-04,2020,4,pre_monsoon,30.619323911121317
2020-05,2020,5,pre_monsoon,30.255692898501845
2020-06,2020,6,sw_monsoon,28.26571119910412
2020-07,2020,7,sw_monsoon,24.49702315523868
2020-08,2020,8,sw_monsoon,23.078490354455738
2020-09,2020,9,sw_monsoon,19.37820580724663
2020-10,2020,10,post_monsoon,21.01662989460932
2020-11,2020,11,post_monsoon,23.352979553665662
2020-12,2020,12,winter,24.714437134186447
2021-01,2021,1,winter,26.098463325769874
2021-02,2021,2,winter,27.78113078307104
2021-03,2021,3,pre_monsoon,29.00605554631295
2021-04,2021,4,pre_monsoon,29.818670029270503
2021-05,2021,5,pre_monsoon,30.092900242014487
2021-06,2021,6,sw_monsoon,28.185697917183578
2021-07,2021,7,sw_monsoon,24.648230282331472
2021-08,2021,8,sw_monsoon,20.99880049756536
2021-09,2021,9,sw_monsoon,21.236795656220274
2021-10,2021,10,post_monsoon,19.937565465223123
2021-11,2021,11,post_monsoon,23.44169972751191
2021-12,2021,12,winter,25.435341346401383
2022-01,2022,1,winter,26.695716839857653
2022-02,2022,2,winter,28.5252958897131
2022-03,2022,3,pre_monsoon,28.650592161914027
2022-04,2022,4,pre_monsoon,29.6868839074908
2022-05,2022,5,pre_monsoon,29.537549459974827
2022-06,2022,6,sw_monsoon,27.21979524297823
2022-07,2022,7,sw_monsoon,24.657671519671815
2022-08,2022,8,sw_monsoon,22.944204866736026
2022-09,2022,9,sw_monsoon,20.88173009324343
2022-10,2022,10,post_monsoon,22.905086460245943
2022-11,2022,11,post_monsoon,24.259579368968446
2022-12,2022,12,winter,25.884830127940877
2023-01,2023,1,winter,27.19437496992438
2023-02,2023,2,winter,28.001064195136557
2023-03,2023,3,pre_monsoon,28.741320609976764
2023-04,2023,4,pre_monsoon,29.861440962662755
2023-05,2023,5,pre_monsoon,29.77496220894954
2023-06,2023,6,sw_monsoon,27.926399191454834
2023-07,2023,7,sw_monsoon,26.13058334279054
2023-08,2023,8,sw_monsoon,23.14251398513452
2023-09,2023,9,sw_monsoon,22.46386157514472
2023-10,2023,10,post_monsoon,21.3247540324604
2023-11,2023,11,post_monsoon,22.747561933112475
2023-12,2023,12,winter,24.450156307775124
2024-01,2024,1,winter,26.669010991543097
2024-02,2024,2,winter,28.139396200734033
2024-03,2024,3,pre_monsoon,29.519636936783485
2024-04,2024,4,pre_monsoon,30.386239525316423
2024-05,2024,5,pre_monsoon,29.9964697796577
2024-06,2024,6,sw_monsoon,28.02345108588552
2024-07,2024,7,sw_monsoon,25.333102912808172
2024-08,2024,8,sw_monsoon,21.38138641639299
2024-09,2024,9,sw_monsoon,21.72702881762281
2024-10,2024,10,post_monsoon,22.24700882577767
2024-11,2024,11,post_monsoon,24.686605022555508
2024-12,2024,12,winter,25.559454981514676
2025-01,2025,1,winter,26.416017808469235
2025-02,2025,2,winter,27.118244776869215
2025-03,2025,3,pre_monsoon,28.86092229410124
2025-04,2025,4,pre_monsoon,29.927022478468114
2025-05,2025,5,pre_monsoon,29.537775268169295
2025-06,2025,6,sw_monsoon,26.792915111750116
2025-07,2025,7,sw_monsoon,23.284387310700353
2025-08,2025,8,sw_monsoon,21.75873534009059
2025-09,2025,9,sw_monsoon,21.600023629470595
2025-10,2025,10,post_monsoon,22.045121449559108
2025-11,2025,11,post_monsoon,23.953324486929255
2025-12,2025,12,winter,25.14589636209095
