year,month,IOD,ENSO
2005,1,-0.124,0.77
2005,2,-0.56,0.48
2005,3,-0.433,0.55
2005,4,0.084,0.4
2005,5,-0.033,0.33
2005,6,-0.176,0.27
2005,7,-0.384,-0.02
2005,8,-0.345,0.07
2005,9,-0.534,0.05
2005,10,-0.436,0.1
2005,11,-0.272,-0.26
2005,12,-0.3,-0.65
2006,1,-0.135,-0.69
2006,2,-0.306,-0.63
2006,3,-0.226,-0.62
2006,4,-0.015,-0.14
2006,5,-0.208,0.02
2006,6,-0.059,0.19
2006,7,0.04,0.26
2006,8,0.229,0.51
2006,9,0.428,0.66
2006,10,0.577,0.76
2006,11,0.501,0.99
2006,12,0.172,1.08
2007,1,0.225,0.69
2007,2,0.15,0.27
2007,3,0.115,0.06
2007,4,0.1,-0.01
2007,5,0.27,-0.23
2007,6,0.031,-0.02
2007,7,0.045,-0.24
2007,8,0.237,-0.53
2007,9,0.235,-0.9
2007,10,0.068,-1.07
2007,11,-0.023,-1.36
2007,12,-0.227,-1.42
2008,1,0.115,-1.6
2008,2,-0.072,-1.64
2008,3,0.097,-1.14
2008,4,-0.153,-0.89
2008,5,0.179,-0.75
2008,6,0.215,-0.55
2008,7,0.246,-0.17
2008,8,0.124,-0.15
2008,9,0.086,-0.29
2008,10,0.029,-0.27
2008,11,-0.128,-0.39
2008,12,-0.053,-0.74
2009,1,0.031,-0.86
2009,2,0.163,-0.65
2009,3,0.1,-0.58
2009,4,0.126,-0.15
2009,5,0.257,0.22
2009,6,0.1,0.54
2009,7,-0.192,0.6
2009,8,-0.104,0.61
2009,9,-0.103,0.63
2009,10,-0.013,0.97
2009,11,-0.067,1.38
2009,12,0.16,1.59
2010,1,0.294,1.33
2010,2,0.023,1.2
2010,3,0.458,0.93
2010,4,0.37,0.59
2010,5,-0.029,0.0
2010,6,-0.14,-0.38
2010,7,-0.001,-0.8
2010,8,-0.061,-1.08
2010,9,-0.267,-1.34
2010,10,-0.437,-1.49
2010,11,-0.495,-1.39
2010,12,-0.212,-1.43
2011,1,0.191,-1.4
2011,2,0.241,-1.07
2011,3,0.367,-0.79
2011,4,0.154,-0.65
2011,5,-0.089,-0.46
2011,6,0.055,-0.21
2011,7,0.223,-0.18
2011,8,0.344,-0.56
2011,9,0.202,-0.69
2011,10,0.356,-0.9
2011,11,0.336,-0.92
2011,12,-0.128,-0.99
2012,1,0.046,-0.91
2012,2,-0.078,-0.64
2012,3,0.026,-0.53
2012,4,-0.271,-0.29
2012,5,-0.37,-0.21
2012,6,0.0,0.05
2012,7,0.546,0.23
2012,8,0.652,0.45
2012,9,0.453,0.29
2012,10,0.11,0.26
2012,11,-0.099,0.33
2012,12,0.267,-0.01
2013,1,-0.065,-0.3
2013,2,0.189,-0.37
2013,3,0.083,-0.23
2013,4,-0.297,-0.09
2013,5,-0.506,-0.25
2013,6,-0.497,-0.28
2013,7,-0.181,-0.23
2013,8,-0.194,-0.34
2013,9,-0.31,-0.1
2013,10,-0.168,-0.15
2013,11,0.199,0.12
2013,12,0.141,-0.16
2014,1,-0.101,-0.25
2014,2,-0.089,-0.23
2014,3,-0.151,0.12
2014,4,-0.058,0.44
2014,5,-0.092,0.53
2014,6,-0.028,0.41
2014,7,-0.363,0.13
2014,8,-0.372,0.15
2014,9,-0.145,0.31
2014,10,0.141,0.45
2014,11,0.009,0.84
2014,12,0.046,0.78
2015,1,-0.1,0.63
2015,2,-0.345,0.67
2015,3,-0.241,0.74
2015,4,-0.008,1.07
2015,5,0.24,1.1
2015,6,0.296,1.23
2015,7,0.225,1.35
2015,8,0.568,1.49
2015,9,0.294,1.67
2015,10,0.482,1.91
2015,11,0.347,2.21
2015,12,0.272,2.13
2016,1,0.265,2.13
2016,2,-0.11,1.87
2016,3,-0.008,1.5
2016,4,0.146,1.08
2016,5,-0.113,0.63
2016,6,-0.443,0.37
2016,7,-0.757,0.01
2016,8,-0.443,-0.1
2016,9,-0.437,-0.21
2016,10,-0.371,-0.39
2016,11,-0.382,-0.37
2016,12,-0.31,-0.17
2017,1,-0.086,-0.23
2017,2,0.101,0.22
2017,3,0.357,0.18
2017,4,0.498,0.35
2017,5,0.536,0.4
2017,6,0.424,0.45
2017,7,0.52,0.38
2017,8,0.349,0.05
2017,9,0.035,-0.2
2017,10,0.015,-0.12
2017,11,0.289,-0.44
2017,12,0.11,-0.65
2018,1,-0.2,-0.64
2018,2,0.216,-0.48
2018,3,-0.12,-0.49
2018,4,-0.083,-0.11
2018,5,0.122,0.18
2018,6,0.155,0.31
2018,7,0.053,0.39
2018,8,0.121,0.35
2018,9,0.604,0.5
2018,10,0.684,1.01
2018,11,0.5,1.15
2018,12,0.309,1.1
2019,1,0.387,0.88
2019,2,0.416,0.87
2019,3,0.225,0.92
2019,4,0.258,0.82
2019,5,0.54,0.83
2019,6,0.605,0.8
2019,7,0.597,0.65
2019,8,0.436,0.35
2019,9,0.892,0.18
2019,10,0.964,0.78
2019,11,0.835,0.82
2019,12,0.243,0.73
2020,1,0.173,0.84
2020,2,0.054,0.67
2020,3,0.019,0.65
2020,4,-0.011,0.66
2020,5,0.298,0.05
2020,6,0.455,-0.05
2020,7,0.319,0.08
2020,8,-0.183,-0.29
2020,9,-0.189,-0.66
2020,10,0.074,-0.9
2020,11,0.02,-0.89
2020,12,0.031,-1.02
2021,1,0.051,-1.12
2021,2,0.243,-1.0
2021,3,0.267,-0.64
2021,4,0.25,-0.47
2021,5,0.009,-0.25
2021,6,-0.002,-0.03
2021,7,-0.229,-0.18
2021,8,-0.099,-0.36
2021,9,-0.058,-0.49
2021,10,-0.091,-0.74
2021,11,0.069,-0.69
2021,12,-0.12,-0.89
2022,1,-0.056,-0.56
2022,2,-0.082,-0.55
2022,3,-0.093,-0.67
2022,4,-0.068,-0.74
2022,5,-0.122,-0.78
2022,6,-0.335,-0.52
2022,7,-0.195,-0.5
2022,8,-0.246,-0.8
2022,9,-0.322,-0.93
2022,10,-0.691,-0.83
2022,11,-0.269,-0.74
2022,12,-0.091,-0.63
2023,1,0.11,-0.57
2023,2,0.157,-0.47
2023,3,0.414,-0.08
2023,4,0.56,0.25
2023,5,0.443,0.49
2023,6,0.665,0.86
2023,7,0.498,0.97
2023,8,0.826,1.2
2023,9,0.946,1.41
2023,10,0.804,1.51
2023,11,0.92,1.86
2023,12,0.852,1.76
2024,1,0.765,1.64
2024,2,0.327,1.39
2024,3,0.421,1.04
2024,4,0.44,0.98
2024,5,0.298,0.5
2024,6,0.197,0.37
2024,7,0.033,0.4
2024,8,0.267,0.19
2024,9,0.115,-0.1
2024,10,-0.196,-0.01
2024,11,-0.382,-0.03
2024,12,-0.331,-0.52
2025,1,-0.196,-0.64
2025,2,0.017,-0.42
2025,3,0.058,0.04
2025,4,0.149,-0.05
2025,5,0.107,0.07
2025,6,-0.014,0.15
2025,7,-0.072,0.14
2025,8,-0.42,-0.15
2025,9,-0.467,-0.32
2025,10,-0.448,-0.42
2025,11,-0.256,-0.54
2025,12,-0.017,-0.39
